,district,room_count,apartment_count
0,C,3,15
1,A,1,18
2,C,3,18
3,C,1,20
4,A,3,9
5,A,3,2
6,C,1,8
7,B,3,20
8,C,2,2
9,C,1,11
10,C,2,7
11,C,1,6
12,A,3,10
13,C,3,5
14,B,3,11
15,A,1,1
16,B,2,2
17,B,2,1
18,B,1,19
19,B,1,2
20,A,2,20
21,A,2,4
22,B,2,12
23,B,2,20
24,A,1,18
25,A,1,1
26,A,3,1
27,C,2,14
28,C,3,4
29,C,1,5
30,B,1,11
31,C,3,13
32,B,2,16
33,B,2,13
34,C,2,2
35,B,2,16
36,C,3,6
37,C,3,14
38,A,1,1
39,C,2,17
40,A,2,11
41,C,2,19
42,C,3,3
43,A,2,11
44,A,3,5
45,C,2,17
46,B,2,7
47,A,1,10
48,B,2,11
49,B,2,3
50,B,1,20
51,A,3,10
52,B,3,10
53,A,2,14
54,B,3,12
55,C,2,15
56,C,1,10
57,A,1,10
58,C,2,19
59,C,1,1
60,B,1,10
61,A,2,2
62,B,2,17
63,B,1,7
64,B,3,7
65,B,3,20
66,B,2,9
67,B,2,2
68,B,3,14
69,A,1,17
70,C,3,1
71,B,3,9
72,B,3,20
73,B,3,19
74,B,2,4
75,B,2,8
76,B,1,13
77,C,1,4
78,C,1,9
79,B,1,9
80,C,3,18
81,A,2,12
82,B,2,10
83,A,1,11
84,A,1,7
85,B,3,9
86,C,3,6
87,A,1,19
88,B,2,16
89,A,2,15
90,A,2,7
91,A,1,16
92,A,2,5
93,C,3,16
94,A,3,1
95,A,1,19
96,A,3,5
97,C,1,7
98,A,2,19
99,A,2,5
100,C,2,17
101,C,3,8
102,C,1,1
103,A,2,2
104,C,1,15
105,C,2,20
106,A,3,18
107,C,3,11
108,A,1,10
109,B,3,4
110,C,3,5
111,B,1,4
112,A,2,13
113,C,3,13
114,A,1,18
115,B,3,2
116,A,3,16
117,C,3,1
118,C,3,19
119,B,1,9
120,A,1,3
121,C,1,7
122,B,3,10
123,C,3,1
124,C,3,10
125,A,1,9
126,C,3,15
127,A,2,15
128,C,3,3
129,B,2,5
130,C,3,9
131,A,1,9
132,A,3,7
133,B,2,12
134,C,2,9
135,C,3,6
136,B,2,2
137,C,2,9
138,C,1,17
139,A,3,1
140,C,3,19
141,C,3,6
142,B,2,5
143,B,3,2
144,A,3,9
145,C,1,14
146,C,1,4
147,C,1,4
148,A,2,15
149,A,3,8
150,B,1,4
151,A,1,16
152,C,1,4
153,C,3,16
154,A,3,12
155,C,3,16
156,C,2,19
157,A,2,8
158,A,1,6
159,C,3,10
160,C,1,5
161,C,3,18
162,B,3,10
163,B,3,10
164,B,2,7
165,A,2,18
166,B,3,1
167,A,1,7
168,A,3,1
169,B,3,15
170,B,1,4
171,B,3,20
172,C,1,10
173,B,2,9
174,C,2,2
175,A,1,14
176,C,2,16
177,B,2,1
178,A,1,2
179,A,2,7
180,A,3,10
181,C,3,20
182,B,1,1
183,A,2,13
184,A,3,1
185,A,3,5
186,C,2,16
187,C,2,15
188,B,3,17
189,C,3,16
190,A,1,13
191,B,1,11
192,A,3,17
193,A,1,17
194,C,3,2
195,B,3,13
196,C,1,14
197,C,1,11
198,B,2,10
199,A,2,3
200,A,2,17
201,B,3,15
202,A,1,9
203,B,3,10
204,B,1,8
205,C,3,13
206,B,2,18
207,C,2,5
208,A,2,6
209,A,3,17
210,A,1,11
211,A,1,20
212,C,2,16
213,A,2,9
214,B,2,2
215,B,2,5
216,B,1,1
217,C,3,4
218,A,3,4
219,A,3,3
220,A,3,9
221,C,2,12
222,B,2,10
223,B,2,2
224,A,3,11
225,B,2,10
226,B,2,6
227,C,1,18
228,C,1,2
229,C,2,2
230,C,1,10
231,A,1,16
232,C,2,12
233,B,2,1
234,A,2,8
235,B,2,16
236,B,3,18
237,B,3,13
238,C,2,15
239,C,1,12
240,A,2,8
241,A,2,10
242,C,1,14
243,B,3,5
244,A,2,18
245,C,2,19
246,C,3,15
247,C,3,6
248,B,1,11
249,C,3,11
250,C,3,20
251,C,3,20
252,C,1,18
253,A,3,18
254,A,3,10
255,C,1,2
256,B,3,9
257,A,3,14
258,C,1,19
259,A,2,10
260,A,1,4
261,B,3,6
262,C,3,14
263,C,3,4
264,B,1,15
265,B,3,16
266,C,3,7
267,C,1,17
268,B,2,19
269,A,2,19
270,A,3,17
271,B,1,6
272,A,3,11
273,B,1,16
274,A,1,8
275,A,2,11
276,C,2,7
277,C,1,19
278,A,3,10
279,A,2,9
280,C,3,4
281,C,2,15
282,C,2,13
283,B,3,2
284,A,2,2
285,C,2,16
286,A,3,9
287,B,2,13
288,B,2,3
289,C,2,9
290,B,3,13
291,A,1,2
292,C,3,8
293,A,1,9
294,A,2,16
295,B,1,2
296,B,3,6
297,B,3,8
298,B,2,5
299,B,1,9
300,C,2,1
301,A,2,9
302,A,3,10
303,A,1,4
304,A,1,3
305,B,1,10
306,A,1,15
307,C,2,11
308,C,2,14
309,A,3,6
310,A,2,12
311,C,2,13
312,C,3,17
313,B,3,16
314,C,3,3
315,B,2,2
316,B,2,11
317,B,3,9
318,B,3,3
319,B,3,18
320,A,2,20
321,C,2,15
322,B,1,14
323,C,2,2
324,C,2,17
325,B,2,8
326,A,3,10
327,B,2,18
328,A,3,19
329,C,1,8
330,A,1,8
331,A,3,3
332,A,3,3
333,C,3,12
334,C,2,17
335,A,1,4
336,A,3,17
337,B,2,14
338,A,1,19
339,B,2,9
340,A,1,12
341,B,2,5
342,C,1,11
343,A,1,20
344,A,2,3
345,A,3,15
346,A,1,14
347,B,3,11
348,A,2,20
349,C,3,8
350,C,3,4
351,A,3,12
352,C,3,8
353,A,3,6
354,A,1,15
355,C,1,12
356,A,1,16
357,C,2,16
358,B,3,20
359,A,1,20
360,B,2,4
361,C,1,11
362,B,1,13
363,B,3,9
364,C,2,4
365,B,3,12
366,B,3,9
367,C,1,13
368,B,3,16
369,C,2,6
370,B,3,10
371,C,3,13
372,C,3,7
373,B,1,19
374,B,2,19
375,B,1,17
376,A,1,13
377,A,1,13
378,A,1,2
379,C,1,10
380,B,2,13
381,C,3,9
382,A,1,1
383,B,1,14
384,C,2,16
385,B,2,20
386,C,3,15
387,B,2,1
388,A,3,17
389,A,1,13
390,B,1,15
391,C,3,16
392,A,2,16
393,A,3,2
394,A,2,17
395,B,1,11
396,B,2,8
397,C,3,20
398,C,3,3
399,C,1,12
400,B,2,20
401,B,2,16
402,C,2,14
403,C,1,16
404,B,2,17
405,C,3,11
406,A,2,17
407,B,1,19
408,C,2,1
409,B,2,12
410,A,3,15
411,B,2,18
412,B,3,14
413,B,3,1
414,B,1,13
415,A,3,15
416,B,3,7
417,B,1,15
418,C,3,20
419,B,1,10
420,C,2,14
421,A,1,6
422,A,3,14
423,A,1,12
424,A,3,11
425,C,2,20
426,B,1,19
427,A,2,2
428,B,3,20
429,C,3,1
430,C,2,8
431,C,1,14
432,A,1,9
433,B,3,2
434,B,2,5
435,B,2,8
436,C,1,16
437,A,1,16
438,C,1,13
439,C,2,20
440,B,1,15
441,C,1,1
442,B,3,3
443,A,1,6
444,B,1,14
445,A,2,4
446,B,2,18
447,C,3,15
448,C,1,9
449,A,3,18
450,A,2,3
451,A,3,10
452,B,2,17
453,B,3,7
454,A,3,15
455,C,1,1
456,B,3,11
457,B,1,17
458,B,1,5
459,A,1,7
460,A,1,19
461,A,3,15
462,A,2,3
463,A,2,15
464,C,2,5
465,C,3,12
466,A,1,20
467,B,2,5
468,A,3,3
469,C,1,9
470,C,2,9
471,B,1,7
472,C,2,2
473,A,2,16
474,B,2,9
475,A,1,13
476,A,3,19
477,B,1,20
478,A,2,17
479,C,1,6
480,A,3,4
481,B,1,1
482,B,3,18
483,B,3,19
484,A,1,9
485,B,2,13
486,B,3,8
487,A,1,13
488,C,3,15
489,A,2,11
490,B,1,12
491,B,1,14
492,A,1,4
493,C,2,1
494,B,3,4
495,B,1,19
496,B,3,9
497,A,3,10
498,B,2,4
499,C,1,20
500,B,3,9
501,B,1,13
502,C,1,12
503,B,2,11
504,A,1,12
505,A,1,18
506,A,3,12
507,C,2,16
508,B,1,5
509,A,3,20
510,C,2,12
511,B,2,11
512,C,3,9
513,A,3,18
514,A,3,3
515,A,3,20
516,C,3,17
517,C,1,14
518,A,1,1
519,C,2,17
520,A,1,8
521,A,1,5
522,B,1,5
523,C,3,9
524,A,2,3
525,A,2,19
526,C,2,9
527,B,2,18
528,B,1,16
529,A,1,1
530,C,3,2
531,B,2,14
532,C,1,14
533,C,1,1
534,A,3,16
535,B,3,15
536,A,3,15
537,B,1,12
538,B,1,16
539,B,3,14
540,B,2,15
541,B,3,15
542,C,3,19
543,A,3,8
544,C,3,2
545,B,1,2
546,A,2,10
547,B,3,3
548,A,2,17
549,C,2,8
550,A,2,4
551,A,3,14
552,A,1,10
553,A,3,1
554,A,2,4
555,B,2,1
556,A,1,17
557,A,3,17
558,C,2,7
559,A,1,20
560,C,2,15
561,B,1,13
562,A,1,2
563,C,3,19
564,C,2,13
565,B,3,11
566,A,2,15
567,A,3,10
568,C,2,9
569,A,3,9
570,C,1,20
571,A,2,1
572,C,2,17
573,A,1,12
574,B,3,10
575,A,2,5
576,A,2,18
577,B,3,15
578,A,1,6
579,B,3,7
580,A,3,17
581,C,3,6
582,C,2,8
583,A,1,12
584,A,1,14
585,A,3,12
586,C,2,10
587,A,3,20
588,C,2,15
589,B,2,7
590,C,2,9
591,C,2,10
592,B,1,10
593,C,2,16
594,A,2,7
595,A,3,5
596,C,3,3
597,A,1,18
598,C,3,11
599,A,2,15
600,A,3,20
601,C,1,5
602,A,3,12
603,C,3,4
604,A,1,15
605,A,1,9
606,B,2,7
607,B,3,10
608,C,2,13
609,B,3,8
610,C,3,12
611,B,2,19
612,A,3,1
613,C,3,16
614,C,3,17
615,A,1,18
616,C,2,11
617,C,1,18
618,B,2,7
619,C,2,18
620,A,3,8
621,B,2,6
622,B,1,7
623,A,1,10
624,A,1,11
625,B,2,13
626,C,1,9
627,B,2,7
628,A,1,9
629,B,1,13
630,A,2,3
631,B,1,3
632,C,3,1
633,B,2,20
634,B,2,2
635,A,2,3
636,A,3,15
637,A,2,6
638,B,1,13
639,C,1,1
640,A,1,20
641,A,2,19
642,B,1,1
643,A,2,2
644,C,1,15
645,C,3,14
646,A,3,19
647,A,3,11
648,B,3,15
649,C,2,6
650,C,1,20
651,A,3,9
652,B,2,5
653,C,3,20
654,C,3,2
655,B,2,6
656,B,2,18
657,C,1,19
658,C,1,9
659,B,3,6
660,C,3,14
661,A,1,13
662,A,1,11
663,B,2,12
664,B,1,19
665,B,1,19
666,A,3,19
667,C,1,13
668,A,3,14
669,C,1,18
670,A,2,12
671,C,1,4
672,A,1,10
673,B,1,17
674,A,3,4
675,C,2,12
676,A,1,13
677,A,3,4
678,A,2,10
679,B,3,3
680,A,3,15
681,B,2,2
682,B,1,17
683,A,3,6
684,A,3,8
685,A,1,3
686,C,1,18
687,A,2,1
688,B,2,16
689,A,2,7
690,C,1,3
691,A,3,4
692,C,3,9
693,C,2,5
694,A,1,19
695,B,3,15
696,C,2,8
697,A,3,6
698,A,3,18
699,B,1,19
700,C,1,15
701,C,3,7
702,A,2,10
703,A,1,6
704,B,3,14
705,B,1,17
706,C,1,9
707,C,1,19
708,A,3,5
709,C,2,7
710,B,2,19
711,B,2,20
712,A,1,7
713,B,3,2
714,B,1,16
715,B,2,13
716,B,2,8
717,A,3,6
718,A,1,6
719,C,2,9
720,B,3,4
721,C,1,11
722,A,1,5
723,A,2,17
724,A,2,20
725,A,1,7
726,A,1,15
727,A,2,15
728,A,1,14
729,B,2,13
730,C,1,11
731,A,2,13
732,B,3,9
733,B,2,10
734,C,2,4
735,A,3,17
736,C,1,14
737,A,3,18
738,B,2,11
739,B,1,16
740,B,3,1
741,B,1,7
742,C,1,10
743,A,3,9
744,A,1,3
745,C,3,14
746,A,2,15
747,B,1,2
748,A,2,14
749,B,2,16
750,C,1,7
751,A,3,4
752,C,1,18
753,A,2,5
754,B,2,6
755,C,3,7
756,A,1,15
757,B,2,1
758,C,2,4
759,C,2,1
760,A,3,11
761,A,2,18
762,A,2,14
763,B,1,11
764,A,1,10
765,C,2,17
766,C,2,4
767,A,1,15
768,A,3,16
769,C,3,13
770,B,3,9
771,A,3,11
772,A,3,11
773,C,3,6
774,A,3,1
775,B,3,6
776,C,1,13
777,A,3,5
778,C,3,15
779,A,3,18
780,A,2,20
781,A,1,14
782,B,1,15
783,B,1,5
784,C,3,4
785,A,3,2
786,A,2,7
787,B,1,10
788,A,3,16
789,B,1,10
790,A,2,18
791,C,2,17
792,A,2,13
793,A,1,1
794,B,3,1
795,A,3,15
796,A,2,1
797,B,3,6
798,C,2,13
799,C,1,1
800,B,2,5
801,B,1,9
802,B,2,17
803,B,3,16
804,B,3,8
805,C,2,17
806,C,3,15
807,B,3,1
808,A,3,12
809,B,1,5
810,A,3,6
811,B,1,1
812,B,2,1
813,C,3,10
814,A,3,10
815,A,3,3
816,C,2,17
817,C,1,19
818,C,1,11
819,C,3,18
820,A,2,2
821,A,2,9
822,B,2,17
823,B,2,14
824,C,2,4
825,C,1,17
826,C,1,17
827,B,1,12
828,B,3,20
829,B,2,18
830,B,3,3
831,B,2,11
832,B,1,18
833,B,3,4
834,C,1,17
835,C,2,18
836,C,2,5
837,C,2,14
838,B,1,10
839,A,2,15
840,B,1,1
841,A,3,16
842,C,2,11
843,B,2,20
844,C,2,6
845,B,3,16
846,C,2,2
847,A,1,1
848,A,1,9
849,A,2,12
850,B,2,17
851,A,3,15
852,B,3,19
853,A,3,10
854,A,2,12
855,B,3,14
856,B,3,9
857,A,1,13
858,B,3,3
859,A,1,14
860,B,1,10
861,C,3,16
862,C,1,7
863,C,2,4
864,C,2,20
865,C,3,11
866,A,2,16
867,C,1,20
868,C,2,4
869,C,3,17
870,C,3,13
871,B,1,11
872,A,3,3
873,C,2,9
874,C,3,6
875,C,1,11
876,A,3,16
877,B,2,19
878,A,1,5
879,B,2,14
880,C,1,17
881,C,3,3
882,A,1,4
883,A,1,16
884,B,3,16
885,B,2,4
886,A,3,19
887,B,1,17
888,A,3,13
889,B,1,1
890,A,3,12
891,A,3,4
892,A,2,11
893,B,1,5
894,B,2,2
895,B,1,17
896,A,3,8
897,B,1,6
898,B,2,9
899,A,2,13
900,C,2,11
901,A,1,16
902,B,2,16
903,A,2,2
904,C,2,10
905,A,3,12
906,B,3,8
907,C,1,11
908,B,1,10
909,C,2,13
910,C,3,17
911,A,2,7
912,A,2,3
913,B,3,20
914,A,3,13
915,A,3,19
916,C,1,7
917,A,1,9
918,C,2,19
919,C,1,13
920,C,3,8
921,B,3,18
922,B,1,2
923,B,2,18
924,C,2,18
925,B,1,11
926,B,2,1
927,A,2,14
928,B,2,16
929,B,3,11
930,C,3,1
931,C,1,7
932,C,3,16
933,C,2,14
934,C,3,15
935,C,1,14
936,B,3,11
937,C,2,16
938,C,2,19
939,A,1,17
940,B,3,6
941,B,3,11
942,B,3,17
943,C,2,9
944,C,1,18
945,C,3,17
946,A,2,12
947,C,2,5
948,A,2,11
949,B,3,4
950,C,3,4
951,A,3,3
952,A,3,17
953,C,3,7
954,B,3,4
955,B,3,13
956,B,3,12
957,A,3,1
958,A,2,19
959,A,3,20
960,A,1,18
961,B,2,11
962,C,3,20
963,A,1,3
964,A,3,17
965,B,1,12
966,C,1,10
967,C,1,8
968,B,1,15
969,B,2,5
970,C,2,4
971,A,1,20
972,C,3,19
973,B,1,4
974,A,2,15
975,A,3,17
976,B,2,12
977,B,2,3
978,B,3,10
979,C,1,15
980,C,1,10
981,A,1,18
982,B,1,1
983,A,3,3
984,A,3,12
985,A,3,1
986,A,2,3
987,B,3,3
988,A,1,5
989,B,2,19
990,B,1,1
991,C,1,4
992,B,3,4
993,C,3,17
994,B,1,14
995,B,1,18
996,B,2,1
997,C,3,16
998,C,2,3
999,A,2,9
1000,C,2,4
1001,C,1,5
1002,C,2,11
1003,C,2,9
1004,A,1,3
1005,C,3,6
1006,B,3,11
1007,B,2,9
1008,C,1,15
1009,C,3,3
1010,B,2,1
1011,B,2,20
1012,A,1,19
1013,B,2,14
1014,B,3,17
1015,C,1,14
1016,B,3,17
1017,A,3,14
1018,B,3,12
1019,C,2,16
1020,C,2,1
1021,B,3,13
1022,C,3,6
1023,A,1,17
1024,A,1,12
1025,B,2,19
1026,B,2,6
1027,B,1,7
1028,C,3,1
1029,A,2,1
1030,A,3,5
1031,C,1,6
1032,A,2,16
1033,B,2,16
1034,B,1,14
1035,B,2,1
1036,A,1,13
1037,B,2,20
1038,C,1,10
1039,C,2,10
1040,A,3,9
1041,C,3,13
1042,C,3,3
1043,A,2,18
1044,B,2,20
1045,B,3,2
1046,B,3,17
1047,A,1,19
1048,C,1,13
1049,B,1,13
1050,B,3,1
1051,A,3,2
1052,B,3,1
1053,A,1,5
1054,C,2,3
1055,A,3,7
1056,A,2,13
1057,A,2,18
1058,A,2,7
1059,C,1,1
1060,C,2,5
1061,B,3,17
1062,C,1,8
1063,C,3,15
1064,B,3,20
1065,C,1,4
1066,A,3,2
1067,A,3,5
1068,B,1,1
1069,B,3,5
1070,B,2,6
1071,A,3,2
1072,C,2,1
1073,A,3,4
1074,B,1,7
1075,C,1,1
1076,C,3,1
1077,A,1,8
1078,B,3,20
1079,A,1,16
1080,C,2,13
1081,A,3,18
1082,A,2,20
1083,B,2,10
1084,B,3,12
1085,C,2,1
1086,A,3,10
1087,A,2,9
1088,A,3,3
1089,C,3,19
1090,C,1,9
1091,B,3,10
1092,B,3,19
1093,B,2,16
1094,A,3,18
1095,A,1,14
1096,B,2,3
1097,A,2,2
1098,B,1,1
1099,C,2,18
1100,B,2,9
1101,C,2,13
1102,A,2,2
1103,B,1,7
1104,A,1,16
1105,C,2,19
1106,C,2,15
1107,C,1,11
1108,A,1,1
1109,A,1,7
1110,A,2,20
1111,A,2,8
1112,C,3,10
1113,C,1,5
1114,B,2,9
1115,B,1,1
1116,A,2,2
1117,C,1,19
1118,C,2,14
1119,C,3,20
1120,B,3,10
1121,B,1,9
1122,C,2,10
1123,C,2,6
1124,C,1,17
1125,B,2,6
1126,C,1,4
1127,C,2,20
1128,A,1,3
1129,A,2,19
1130,B,1,18
1131,C,2,4
1132,C,3,8
1133,A,2,17
1134,B,1,5
1135,A,3,13
1136,A,2,1
1137,A,3,13
1138,A,2,4
1139,C,3,14
1140,C,1,3
1141,A,2,5
1142,B,2,7
1143,B,1,1
1144,B,3,12
1145,B,1,11
1146,A,1,8
1147,C,3,6
1148,B,1,2
1149,A,2,19
1150,B,2,20
1151,B,2,20
1152,A,1,14
1153,C,2,1
1154,C,2,10
1155,A,2,16
1156,C,2,4
1157,A,2,11
1158,A,2,16
1159,A,1,20
1160,C,2,1
1161,A,2,16
1162,B,3,19
1163,C,1,9
1164,C,1,9
1165,C,1,9
1166,C,1,17
1167,B,2,12
1168,C,2,13
1169,C,3,8
1170,A,3,16
1171,C,1,18
1172,B,3,1
1173,B,3,1
1174,B,1,12
1175,B,1,6
1176,C,3,9
1177,C,2,5
1178,B,3,16
1179,B,3,18
1180,C,2,17
1181,B,2,18
1182,A,1,1
1183,B,1,19
1184,B,3,8
1185,A,2,3
1186,A,1,5
1187,C,3,8
1188,C,2,19
1189,A,3,18
1190,A,1,18
1191,C,1,1
1192,B,2,15
1193,A,3,18
1194,C,2,7
1195,B,1,16
1196,A,1,16
1197,B,3,15
1198,C,3,6
1199,A,3,9
1200,B,2,7
1201,A,3,14
1202,B,3,11
1203,C,1,16
1204,C,1,6
1205,A,3,16
1206,B,3,20
1207,A,1,16
1208,A,3,12
1209,B,2,17
1210,B,2,5
1211,B,2,13
1212,C,3,8
1213,A,1,5
1214,A,3,12
1215,C,3,9
1216,B,1,3
1217,C,1,3
1218,C,1,1
1219,C,2,18
1220,A,3,12
1221,C,1,9
1222,A,3,9
1223,A,2,18
1224,A,2,18
1225,B,1,7
1226,A,1,4
1227,A,3,13
1228,B,1,17
1229,A,3,2
1230,C,1,14
1231,C,3,3
1232,A,3,5
1233,B,3,14
1234,C,3,3
1235,B,2,7
1236,B,3,18
1237,C,1,13
1238,B,2,10
1239,C,2,13
1240,B,3,16
1241,C,2,9
1242,A,3,2
1243,C,1,5
1244,C,3,17
1245,C,2,4
1246,C,1,17
1247,B,3,9
1248,A,1,20
1249,C,1,2
1250,B,2,18
1251,A,1,11
1252,A,2,13
1253,A,1,8
1254,A,3,1
1255,C,1,17
1256,C,3,12
1257,B,3,4
1258,B,1,13
1259,B,3,9
1260,A,1,7
1261,A,1,5
1262,C,3,5
1263,A,3,17
1264,A,2,9
1265,A,3,6
1266,B,2,19
1267,B,3,16
1268,C,1,2
1269,A,3,10
1270,A,1,16
1271,C,1,5
1272,A,1,15
1273,A,2,13
1274,B,3,13
1275,C,1,13
1276,C,1,15
1277,C,2,14
1278,C,3,8
1279,B,3,11
1280,B,2,18
1281,A,2,4
1282,A,3,10
1283,A,2,1
1284,A,3,5
1285,B,3,13
1286,C,1,1
1287,B,1,8
1288,A,3,3
1289,B,3,3
1290,C,3,7
1291,C,3,4
1292,B,3,3
1293,B,3,15
1294,B,2,8
1295,A,3,3
1296,B,2,7
1297,B,2,18
1298,B,3,11
1299,C,3,11
1300,C,2,17
1301,A,2,6
1302,A,3,8
1303,C,3,1
1304,C,2,10
1305,C,2,19
1306,B,2,3
1307,B,1,4
1308,C,2,11
1309,B,1,15
1310,B,3,1
1311,A,3,9
1312,C,2,11
1313,C,3,19
1314,B,3,13
1315,C,3,16
1316,A,3,4
1317,A,1,1
1318,A,1,20
1319,C,2,13
1320,C,2,1
1321,C,2,5
1322,C,3,5
1323,C,3,14
1324,A,1,14
1325,B,1,8
1326,A,2,4
1327,C,1,7
1328,A,1,20
1329,C,1,19
1330,C,1,15
1331,A,1,4
1332,C,2,19
1333,B,2,9
1334,C,1,13
1335,B,2,14
1336,B,3,14
1337,C,1,10
1338,A,3,16
1339,B,2,5
1340,A,2,6
1341,B,3,2
1342,C,2,13
1343,C,1,13
1344,B,3,19
1345,C,1,18
1346,B,3,19
1347,C,2,1
1348,A,3,8
1349,C,3,16
1350,A,1,2
1351,C,2,8
1352,A,1,6
1353,C,2,16
1354,A,1,11
1355,B,3,17
1356,B,1,19
1357,A,2,11
1358,C,2,8
1359,A,3,4
1360,C,2,11
1361,B,1,8
1362,C,3,9
1363,B,2,2
1364,C,2,16
1365,C,1,6
1366,C,1,19
1367,A,3,8
1368,A,2,14
1369,B,1,16
1370,B,3,12
1371,A,2,5
1372,B,2,19
1373,A,3,18
1374,C,3,9
1375,B,1,2
1376,B,2,20
1377,A,2,12
1378,B,2,2
1379,B,3,10
1380,C,1,1
1381,B,2,4
1382,C,3,12
1383,A,2,9
1384,B,1,4
1385,C,2,9
1386,A,1,6
1387,B,1,1
1388,A,2,10
1389,B,2,14
1390,A,1,18
1391,A,3,6
1392,C,1,18
1393,A,2,20
1394,B,2,16
1395,B,3,15
1396,C,1,16
1397,B,1,8
1398,B,1,13
1399,B,2,11
1400,A,1,7
1401,A,3,17
1402,B,2,18
1403,C,2,19
1404,A,1,13
1405,C,3,15
1406,B,2,1
1407,B,2,16
1408,A,1,5
1409,B,1,3
1410,A,3,10
1411,B,1,19
1412,B,3,5
1413,A,2,7
1414,A,3,14
1415,A,3,3
1416,B,3,13
1417,B,2,13
1418,C,1,10
1419,A,2,2
1420,B,1,6
1421,B,3,8
1422,A,3,4
1423,C,3,12
1424,A,3,15
1425,C,3,8
1426,B,1,7
1427,C,1,14
1428,B,3,19
1429,A,2,14
1430,A,2,13
1431,A,3,1
1432,C,1,19
1433,B,2,1
1434,A,2,4
1435,A,2,10
1436,B,3,3
1437,A,2,20
1438,B,2,9
1439,B,2,3
1440,B,2,6
1441,B,1,6
1442,B,3,12
1443,C,3,1
1444,A,1,16
1445,C,1,5
1446,A,3,9
1447,C,2,10
1448,B,2,13
1449,A,3,15
1450,A,2,12
1451,C,1,5
1452,C,2,5
1453,A,2,18
1454,C,2,12
1455,C,3,3
1456,C,1,7
1457,B,2,17
1458,B,3,19
1459,C,2,18
1460,C,1,1
1461,B,2,5
1462,B,1,2
1463,A,2,1
1464,A,1,7
1465,B,2,11
1466,C,1,11
1467,C,2,18
1468,C,2,17
1469,C,3,2
1470,A,3,7
1471,B,1,7
1472,C,2,10
1473,A,1,3
1474,C,3,12
1475,B,1,3
1476,A,1,11
1477,B,3,12
1478,B,2,4
1479,A,1,16
1480,A,3,20
1481,A,2,18
1482,A,3,4
1483,A,1,6
1484,A,2,15
1485,A,2,1
1486,C,3,3
1487,B,3,5
1488,A,3,17
1489,C,2,14
1490,C,2,9
1491,C,1,3
1492,B,2,13
1493,A,1,3
1494,C,3,11
1495,B,3,2
1496,B,2,15
1497,B,3,13
1498,C,3,19
1499,A,2,16
1500,C,1,18
1501,C,2,7
1502,A,1,13
1503,A,2,4
1504,A,2,9
1505,B,3,10
1506,A,2,9
1507,C,2,7
1508,A,1,15
1509,C,3,8
1510,B,1,19
1511,C,1,11
1512,C,3,5
1513,A,3,2
1514,A,3,10
1515,C,2,16
1516,A,3,13
1517,B,3,8
1518,B,3,9
1519,A,1,11
1520,B,1,11
1521,A,2,16
1522,C,1,10
1523,C,2,12
1524,B,1,6
1525,A,3,12
1526,A,1,10
1527,B,2,18
1528,C,1,18
1529,B,3,4
1530,C,2,9
1531,A,3,7
1532,C,3,18
1533,B,2,8
1534,A,3,11
1535,B,3,7
1536,B,1,9
1537,C,3,8
1538,B,3,3
1539,C,3,17
1540,A,3,2
1541,C,2,15
1542,A,1,14
1543,C,3,18
1544,B,3,16
1545,C,2,20
1546,C,3,4
1547,A,2,20
1548,B,1,6
1549,C,1,6
1550,B,3,11
1551,C,3,17
1552,C,3,3
1553,B,2,13
1554,C,3,3
1555,B,3,16
1556,C,1,15
1557,A,3,11
1558,B,1,18
1559,C,3,15
1560,C,1,5
1561,A,3,16
1562,B,1,16
1563,C,2,17
1564,A,1,9
1565,C,1,3
1566,B,1,20
1567,C,3,13
1568,C,3,3
1569,C,3,7
1570,C,2,6
1571,A,2,9
1572,A,1,12
1573,B,2,15
1574,A,1,20
1575,A,1,3
1576,B,1,10
1577,A,2,1
1578,A,3,19
1579,B,2,19
1580,B,1,13
1581,B,1,12
1582,C,2,1
1583,C,1,19
1584,B,1,16
1585,B,2,15
1586,B,2,16
1587,C,2,11
1588,C,1,6
1589,A,1,11
1590,A,3,3
1591,B,3,15
1592,C,2,1
1593,C,3,7
1594,C,1,1
1595,B,3,17
1596,A,1,9
1597,B,2,13
1598,A,2,11
1599,A,1,20
1600,B,3,6
1601,A,2,1
1602,A,2,7
1603,C,3,12
1604,A,3,20
1605,B,1,19
1606,B,3,17
1607,A,3,4
1608,C,3,3
1609,C,1,1
1610,A,1,18
1611,A,2,15
1612,B,1,8
1613,A,2,1
1614,C,3,20
1615,A,2,14
1616,B,2,4
1617,B,3,5
1618,B,2,13
1619,B,1,15
1620,B,1,6
1621,A,1,1
1622,A,1,19
1623,A,2,13
1624,A,2,6
1625,B,3,15
1626,C,2,16
1627,A,2,16
1628,C,2,10
1629,A,3,9
1630,A,1,9
1631,C,2,17
1632,B,3,17
1633,A,3,17
1634,A,3,12
1635,A,1,13
1636,C,2,12
1637,B,3,14
1638,C,1,10
1639,C,3,19
1640,B,3,2
1641,C,3,4
1642,B,3,19
1643,A,3,7
1644,B,1,15
1645,A,2,15
1646,C,2,6
1647,C,2,3
1648,A,2,6
1649,C,1,16
1650,B,1,2
1651,A,1,7
1652,C,3,11
1653,A,3,7
1654,B,3,4
1655,B,2,20
1656,C,3,7
1657,B,2,4
1658,A,3,12
1659,B,2,5
1660,A,3,19
1661,A,3,5
1662,B,1,19
1663,C,3,3
1664,B,3,11
1665,A,1,7
1666,A,2,17
1667,B,1,9
1668,C,1,9
1669,C,2,10
1670,A,3,13
1671,A,2,15
1672,C,3,5
1673,B,3,3
1674,A,2,8
1675,A,1,20
1676,C,2,10
1677,B,3,13
1678,C,2,3
1679,B,2,8
1680,B,3,9
1681,B,1,12
1682,A,2,11
1683,C,3,2
1684,C,3,18
1685,B,2,9
1686,A,1,2
1687,A,2,2
1688,C,1,3
1689,A,1,16
1690,A,1,19
1691,B,1,4
1692,A,2,18
1693,B,3,20
1694,C,3,18
1695,A,3,10
1696,C,3,11
1697,C,3,17
1698,A,3,20
1699,A,2,16
1700,C,1,20
1701,A,3,13
1702,B,2,2
1703,B,3,2
1704,A,3,14
1705,C,1,4
1706,A,1,17
1707,A,1,13
1708,C,3,4
1709,C,3,3
1710,B,3,12
1711,C,1,8
1712,B,2,2
1713,C,3,6
1714,A,3,10
1715,B,3,12
1716,B,2,10
1717,B,3,10
1718,A,2,3
1719,A,3,20
1720,A,2,10
1721,A,3,9
1722,A,1,20
1723,B,1,19
1724,A,1,14
1725,B,1,2
1726,A,3,5
1727,C,1,20
1728,B,2,8
1729,C,1,7
1730,B,1,6
1731,C,1,11
1732,A,3,12
1733,A,1,18
1734,A,2,19
1735,B,1,10
1736,C,1,14
1737,A,1,3
1738,C,2,18
1739,C,1,15
1740,A,2,6
1741,A,2,10
1742,C,1,12
1743,A,2,7
1744,A,3,17
1745,A,1,1
1746,B,1,18
1747,C,2,15
1748,C,2,19
1749,B,1,1
1750,C,3,5
1751,A,2,15
1752,C,2,3
1753,A,3,1
1754,B,3,8
1755,A,1,12
1756,C,3,19
1757,C,1,12
1758,C,3,13
1759,B,2,1
1760,B,1,19
1761,C,1,6
1762,A,1,8
1763,B,3,4
1764,C,2,5
1765,C,1,7
1766,B,1,4
1767,B,1,20
1768,B,1,4
1769,A,2,15
1770,A,3,5
1771,C,2,9
1772,B,1,2
1773,A,2,7
1774,B,1,17
1775,C,3,16
1776,A,3,17
1777,A,3,20
1778,A,1,2
1779,C,2,11
1780,B,3,2
1781,A,1,1
1782,C,1,2
1783,B,2,9
1784,C,3,2
1785,B,1,15
1786,C,2,10
1787,B,3,15
1788,A,2,10
1789,B,2,17
1790,C,1,9
1791,C,1,18
1792,B,1,4
1793,A,2,9
1794,A,1,16
1795,B,2,4
1796,B,2,16
1797,C,1,19
1798,A,3,1
1799,B,3,6
1800,A,3,10
1801,B,2,16
1802,B,2,4
1803,A,2,13
1804,B,1,16
1805,B,2,20
1806,C,1,6
1807,B,1,11
1808,B,3,3
1809,B,3,20
1810,C,3,10
1811,A,1,1
1812,C,1,20
1813,C,1,11
1814,A,2,12
1815,C,1,14
1816,A,3,8
1817,C,3,11
1818,A,1,4
1819,B,1,7
1820,C,3,10
1821,C,1,19
1822,C,3,4
1823,C,2,2
1824,B,3,18
1825,C,2,14
1826,B,1,16
1827,B,1,11
1828,B,2,10
1829,B,1,17
1830,A,2,14
1831,A,1,4
1832,C,3,19
1833,A,1,2
1834,A,3,7
1835,C,3,9
1836,C,2,19
1837,C,1,16
1838,A,2,16
1839,A,1,18
1840,C,3,11
1841,B,3,7
1842,C,1,9
1843,B,1,4
1844,B,2,13
1845,C,1,4
1846,C,1,19
1847,C,1,2
1848,A,2,9
1849,B,1,12
1850,A,3,2
1851,A,2,6
1852,C,2,5
1853,A,3,5
1854,C,3,20
1855,B,3,5
1856,C,1,4
1857,A,3,9
1858,A,1,10
1859,C,2,16
1860,C,2,10
1861,A,3,10
1862,B,1,19
1863,B,3,10
1864,C,3,6
1865,B,1,17
1866,A,3,5
1867,C,2,6
1868,A,3,15
1869,A,1,19
1870,B,1,18
1871,C,2,4
1872,C,1,8
1873,B,1,16
1874,A,2,19
1875,A,3,20
1876,A,2,3
1877,A,3,10
1878,C,2,2
1879,C,3,4
1880,B,2,6
1881,B,3,11
1882,C,2,14
1883,C,3,16
1884,A,2,19
1885,A,1,2
1886,B,3,17
1887,C,2,9
1888,B,3,17
1889,C,3,15
1890,A,2,7
1891,B,3,19
1892,B,2,3
1893,C,1,1
1894,A,3,4
1895,B,1,18
1896,A,3,8
1897,B,3,19
1898,A,3,6
1899,C,2,1
1900,B,1,8
1901,B,3,1
1902,A,2,19
1903,A,3,11
1904,B,2,15
1905,C,3,11
1906,A,1,19
1907,A,1,10
1908,A,3,12
1909,B,2,1
1910,B,3,7
1911,B,2,17
1912,B,3,10
1913,C,2,6
1914,C,1,17
1915,B,3,18
1916,C,1,5
1917,A,1,18
1918,A,3,17
1919,A,3,16
1920,B,2,8
1921,A,2,13
1922,C,1,16
1923,B,2,11
1924,C,2,6
1925,A,3,3
1926,A,2,1
1927,A,1,18
1928,B,2,5
1929,C,1,13
1930,B,3,10
1931,B,1,5
1932,A,2,14
1933,B,3,17
1934,B,2,1
1935,A,3,2
1936,B,3,7
1937,A,2,10
1938,A,2,20
1939,A,3,7
1940,A,3,16
1941,B,2,5
1942,A,1,12
1943,A,2,17
1944,B,3,16
1945,B,2,20
1946,C,1,16
1947,B,2,19
1948,B,3,15
1949,C,2,12
1950,B,3,10
1951,B,3,2
1952,B,2,7
1953,B,3,13
1954,C,3,3
1955,B,1,15
1956,B,1,1
1957,C,1,3
1958,A,1,10
1959,C,3,15
1960,A,2,6
1961,C,3,20
1962,C,3,15
1963,B,3,7
1964,A,2,5
1965,B,1,4
1966,A,3,18
1967,C,3,3
1968,C,1,17
1969,A,3,18
1970,B,2,18
1971,B,3,2
1972,B,3,13
1973,B,1,15
1974,C,3,5
1975,C,3,3
1976,C,2,5
1977,C,1,5
1978,C,1,5
1979,B,2,3
1980,B,3,3
1981,B,1,20
1982,B,1,18
1983,C,3,20
1984,C,3,4
1985,C,1,1
1986,A,3,16
1987,B,1,8
1988,B,3,17
1989,C,3,8
1990,B,2,7
1991,B,3,8
1992,C,2,12
1993,A,3,16
1994,A,1,12
1995,A,1,19
1996,C,3,10
1997,B,3,7
1998,C,1,12
1999,C,3,20
2000,B,2,5
2001,A,2,16
2002,A,2,9
2003,C,2,7
2004,A,2,20
2005,C,3,14
2006,C,3,11
2007,B,2,7
2008,B,3,10
2009,B,3,9
2010,C,2,4
2011,B,3,16
2012,A,3,10
2013,A,3,19
2014,C,2,17
2015,C,3,9
2016,B,1,13
2017,C,1,1
2018,C,2,2
2019,A,1,13
2020,A,2,9
2021,B,1,7
2022,C,1,16
2023,C,1,19
2024,A,2,7
2025,C,2,6
2026,A,3,18
2027,B,2,19
2028,A,1,11
2029,C,1,12
2030,B,2,10
2031,A,2,13
2032,A,2,12
2033,B,3,10
2034,B,1,20
2035,A,3,18
2036,C,3,4
2037,A,1,5
2038,B,1,5
2039,A,2,12
2040,B,2,3
2041,B,3,8
2042,C,2,2
2043,B,2,18
2044,B,1,9
2045,C,1,13
2046,B,2,7
2047,C,1,10
2048,C,2,9
2049,B,1,15
2050,B,1,5
2051,A,1,12
2052,C,1,1
2053,A,2,12
2054,B,3,6
2055,A,1,19
2056,C,2,19
2057,A,2,16
2058,C,1,19
2059,B,3,3
2060,B,1,10
2061,C,2,18
2062,B,3,13
2063,B,2,18
2064,B,1,3
2065,B,3,3
2066,C,2,12
2067,A,2,20
2068,A,2,7
2069,B,1,8
2070,A,3,9
2071,A,1,14
2072,B,1,5
2073,B,1,19
2074,A,3,16
2075,C,1,12
2076,B,1,4
2077,C,1,8
2078,A,1,7
2079,B,2,15
2080,C,1,6
2081,B,2,5
2082,A,1,14
2083,C,3,13
2084,A,2,10
2085,A,2,18
2086,B,2,4
2087,C,2,8
2088,A,3,11
2089,A,1,17
2090,C,2,18
2091,A,3,11
2092,A,2,16
2093,C,1,12
2094,C,2,13
2095,C,3,16
2096,C,1,1
2097,B,3,16
2098,C,1,15
2099,B,1,6
2100,B,1,12
2101,B,2,8
2102,A,3,7
2103,B,3,2
2104,B,3,12
2105,A,1,14
2106,A,2,16
2107,A,1,11
2108,C,3,20
2109,A,2,9
2110,A,2,10
2111,B,2,17
2112,A,3,12
2113,C,2,6
2114,A,2,19
2115,C,1,11
2116,A,1,9
2117,A,2,6
2118,A,2,16
2119,A,1,20
2120,C,1,16
2121,C,1,6
2122,B,3,5
2123,C,3,4
2124,A,1,2
2125,B,2,6
2126,B,1,9
2127,B,3,17
2128,A,2,14
2129,C,3,7
2130,A,2,19
2131,B,3,1
2132,A,2,20
2133,A,2,15
2134,C,2,18
2135,C,2,3
2136,B,3,18
2137,A,3,2
2138,A,2,10
2139,C,2,11
2140,A,3,3
2141,A,2,7
2142,A,2,8
2143,C,2,19
2144,B,1,18
2145,B,2,13
2146,A,1,13
2147,B,2,19
2148,C,3,12
2149,C,1,17
2150,B,1,12
2151,B,2,13
2152,A,2,12
2153,B,1,19
2154,A,3,14
2155,A,3,7
2156,C,2,13
2157,C,3,6
2158,C,3,19
2159,C,2,19
2160,B,3,4
2161,C,2,19
2162,B,1,9
2163,C,2,16
2164,B,1,4
2165,A,1,6
2166,B,3,8
2167,B,3,16
2168,C,3,5
2169,B,2,10
2170,A,3,13
2171,A,1,14
2172,C,3,7
2173,A,3,20
2174,B,2,6
2175,A,2,7
2176,C,1,5
2177,B,2,18
2178,C,3,12
2179,B,2,6
2180,A,1,1
2181,C,3,4
2182,C,1,19
2183,B,2,12
2184,C,2,15
2185,B,1,3
2186,B,3,20
2187,B,2,8
2188,B,2,11
2189,A,3,16
2190,B,2,9
2191,C,1,3
2192,A,2,5
2193,C,2,20
2194,A,3,14
2195,B,1,15
2196,A,3,6
2197,A,2,4
2198,C,2,8
2199,C,3,19
2200,B,3,5
2201,A,3,13
2202,A,1,16
2203,A,2,1
2204,B,3,13
2205,B,2,11
2206,B,1,8
2207,B,1,8
2208,B,1,14
2209,C,1,13
2210,A,2,3
2211,A,1,4
2212,A,1,20
2213,A,3,15
2214,A,1,15
2215,A,3,13
2216,A,1,9
2217,A,1,10
2218,C,3,12
2219,A,1,14
2220,C,2,1
2221,B,2,14
2222,A,1,14
2223,B,2,8
2224,B,3,16
2225,B,1,14
2226,C,1,1
2227,B,3,16
2228,B,3,18
2229,B,3,7
2230,A,1,15
2231,A,3,17
2232,C,3,19
2233,C,2,13
2234,A,2,9
2235,C,1,15
2236,A,2,3
2237,B,2,1
2238,B,3,16
2239,C,3,8
2240,A,2,13
2241,A,2,8
2242,C,2,17
2243,A,1,14
2244,B,1,7
2245,C,1,15
2246,C,2,16
2247,A,2,19
2248,C,1,6
2249,A,1,1
2250,A,2,12
2251,A,3,18
2252,A,1,16
2253,A,2,12
2254,C,2,20
2255,B,3,13
2256,B,2,8
2257,C,2,1
2258,C,1,7
2259,B,1,15
2260,B,3,13
2261,B,3,13
2262,B,2,9
2263,B,1,15
2264,A,3,4
2265,C,3,13
2266,A,3,12
2267,B,2,5
2268,B,1,7
2269,B,3,8
2270,A,1,5
2271,A,3,9
2272,B,3,14
2273,A,1,12
2274,A,1,4
2275,B,1,20
2276,A,2,8
2277,C,3,17
2278,C,2,8
2279,C,1,1
2280,C,3,20
2281,B,2,2
2282,B,3,4
2283,B,2,1
2284,C,1,7
2285,C,2,1
2286,A,3,9
2287,A,3,3
2288,C,3,12
2289,C,3,19
2290,C,1,15
2291,C,2,16
2292,A,1,10
2293,C,1,6
2294,A,1,17
2295,C,3,17
2296,C,3,19
2297,C,3,18
2298,A,2,11
2299,A,3,7
2300,B,2,10
2301,C,3,7
2302,B,3,5
2303,B,1,12
2304,A,1,16
2305,A,1,18
2306,B,2,3
2307,C,2,20
2308,A,3,15
2309,C,2,5
2310,C,3,13
2311,B,2,19
2312,B,2,12
2313,B,2,5
2314,B,1,6
2315,A,2,7
2316,A,1,10
2317,B,1,16
2318,A,2,8
2319,B,3,9
2320,C,3,4
2321,C,3,8
2322,C,2,7
2323,B,3,15
2324,C,1,3
2325,A,3,17
2326,C,2,11
2327,C,3,9
2328,C,1,5
2329,A,2,10
2330,B,3,15
2331,A,2,14
2332,B,2,4
2333,B,2,20
2334,C,3,2
2335,B,2,12
2336,A,3,1
2337,A,1,20
2338,B,3,5
2339,C,1,6
2340,C,3,11
2341,A,2,8
2342,C,3,7
2343,B,2,4
2344,B,1,6
2345,A,3,16
2346,B,2,20
2347,A,1,15
2348,B,1,14
2349,A,3,12
2350,C,1,12
2351,B,2,16
2352,B,1,15
2353,A,1,13
2354,A,2,11
2355,B,1,17
2356,A,1,15
2357,B,1,14
2358,C,1,10
2359,A,2,12
2360,B,1,16
2361,C,2,15
2362,C,1,10
2363,B,1,4
2364,A,1,9
2365,B,1,20
2366,C,2,9
2367,B,2,20
2368,A,2,11
2369,C,3,11
2370,B,1,7
2371,A,1,10
2372,C,2,4
2373,A,3,5
2374,C,1,5
2375,B,2,11
2376,A,1,9
2377,C,1,16
2378,A,2,9
2379,A,2,4
2380,B,1,2
2381,A,1,14
2382,C,2,3
2383,C,1,18
2384,C,1,6
2385,C,2,11
2386,B,1,18
2387,A,1,12
2388,B,3,5
2389,A,2,9
2390,A,3,20
2391,A,3,18
2392,B,3,19
2393,A,1,3
2394,B,1,9
2395,C,3,4
2396,C,3,17
2397,A,3,17
2398,B,1,2
2399,C,3,9
2400,B,3,9
2401,B,2,5
2402,A,2,15
2403,C,1,15
2404,A,2,3
2405,A,2,19
2406,C,2,3
2407,C,1,6
2408,B,2,4
2409,C,1,13
2410,B,3,13
2411,B,2,11
2412,B,1,5
2413,C,2,1
2414,A,3,9
2415,B,1,17
2416,A,1,1
2417,A,1,3
2418,C,3,15
2419,A,3,10
2420,A,3,8
2421,C,1,12
2422,B,3,15
2423,A,2,9
2424,C,3,10
2425,A,1,20
2426,A,2,9
2427,B,3,15
2428,A,2,1
2429,C,2,2
2430,A,1,19
2431,B,2,14
2432,B,2,8
2433,C,1,6
2434,B,1,12
2435,A,1,15
2436,B,2,14
2437,C,2,1
2438,B,2,11
2439,B,1,3
2440,B,3,19
2441,C,2,18
2442,B,3,20
2443,B,1,2
2444,A,2,7
2445,C,3,8
2446,B,2,19
2447,C,2,15
2448,B,2,10
2449,B,3,1
2450,B,1,6
2451,A,2,13
2452,A,1,14
2453,A,1,3
2454,C,3,11
2455,C,3,3
2456,A,1,19
2457,C,2,10
2458,B,3,15
2459,B,2,11
2460,B,2,15
2461,A,2,13
2462,C,1,5
2463,A,2,4
2464,C,1,13
2465,B,1,9
2466,A,2,17
2467,C,2,2
2468,C,2,5
2469,B,2,16
2470,A,1,7
2471,A,2,1
2472,A,2,12
2473,B,1,11
2474,A,3,12
2475,B,3,19
2476,B,1,12
2477,B,3,12
2478,C,1,14
2479,A,2,2
2480,A,2,2
2481,B,3,4
2482,B,2,20
2483,A,3,16
2484,B,3,10
2485,A,2,13
2486,C,2,2
2487,B,3,3
2488,A,2,19
2489,B,1,6
2490,A,2,19
2491,A,2,20
2492,B,1,19
2493,C,2,8
2494,A,2,14
2495,A,3,10
2496,A,2,3
2497,C,2,6
2498,C,1,15
2499,B,3,18
2500,C,3,14
2501,B,3,19
2502,B,2,10
2503,C,3,15
2504,B,1,4
2505,C,3,2
2506,B,1,3
2507,C,3,7
2508,C,3,16
2509,B,1,10
2510,A,3,19
2511,B,3,17
2512,C,3,19
2513,A,2,5
2514,B,1,20
2515,B,3,13
2516,B,1,13
2517,A,1,11
2518,C,1,11
2519,B,3,16
2520,B,3,15
2521,B,1,17
2522,B,2,18
2523,B,1,19
2524,C,2,4
2525,C,1,5
2526,B,1,7
2527,A,1,2
2528,C,3,1
2529,A,2,12
2530,C,2,10
2531,B,1,8
2532,C,3,1
2533,B,3,12
2534,C,2,2
2535,B,3,10
2536,B,2,17
2537,B,2,3
2538,B,2,7
2539,A,3,12
2540,B,2,8
2541,A,2,20
2542,A,1,12
2543,B,2,3
2544,A,2,17
2545,C,1,9
2546,B,1,10
2547,A,3,6
2548,B,2,1
2549,B,3,12
2550,B,3,5
2551,A,1,13
2552,C,3,15
2553,C,2,11
2554,A,1,8
2555,B,2,5
2556,A,2,2
2557,A,1,12
2558,A,2,2
2559,B,1,16
2560,A,2,3
2561,B,1,10
2562,A,3,19
2563,C,2,8
2564,A,1,7
2565,A,2,1
2566,C,2,12
2567,B,2,5
2568,B,1,16
2569,A,3,4
2570,C,3,17
2571,B,3,2
2572,A,1,12
2573,C,3,1
2574,B,1,12
2575,B,2,12
2576,C,2,12
2577,C,3,19
2578,C,1,17
2579,C,2,20
2580,A,1,11
2581,C,1,13
2582,B,2,8
2583,B,1,10
2584,A,2,8
2585,B,2,20
2586,B,2,8
2587,C,1,9
2588,B,2,7
2589,A,1,14
2590,C,2,2
2591,C,2,11
2592,A,3,8
2593,C,3,13
2594,C,3,15
2595,A,1,3
2596,C,1,14
2597,A,2,15
2598,A,2,2
2599,B,2,19
2600,B,2,12
2601,C,1,20
2602,C,2,4
2603,A,2,3
2604,C,3,5
2605,A,2,3
2606,A,2,15
2607,C,2,19
2608,A,1,2
2609,B,3,12
2610,C,2,5
2611,B,2,17
2612,C,3,14
2613,A,2,10
2614,C,1,3
2615,B,2,4
2616,A,1,6
2617,C,1,16
2618,C,2,7
2619,C,3,15
2620,B,1,20
2621,B,3,11
2622,C,2,1
2623,A,1,5
2624,A,2,13
2625,B,3,14
2626,A,2,9
2627,B,2,17
2628,C,1,15
2629,B,2,7
2630,B,2,12
2631,C,2,6
2632,A,1,16
2633,B,3,5
2634,B,3,9
2635,C,2,14
2636,A,1,8
2637,B,2,14
2638,C,3,12
2639,B,1,10
2640,C,3,20
2641,A,3,20
2642,A,1,13
2643,A,1,19
2644,A,2,15
2645,B,2,8
2646,B,3,10
2647,A,1,3
2648,A,1,3
2649,A,2,5
2650,B,3,16
2651,A,3,17
2652,A,2,6
2653,A,1,20
2654,C,2,20
2655,A,2,16
2656,C,2,2
2657,C,2,20
2658,A,1,15
2659,C,2,18
2660,A,1,1
2661,B,2,19
2662,B,3,12
2663,B,1,8
2664,B,3,6
2665,C,2,12
2666,A,2,7
2667,A,2,18
2668,A,1,14
2669,B,3,8
2670,B,1,20
2671,A,1,14
2672,B,2,5
2673,A,3,9
2674,A,2,8
2675,A,1,2
2676,A,2,16
2677,A,3,13
2678,A,2,7
2679,A,3,16
2680,B,3,7
2681,A,2,14
2682,A,1,14
2683,B,2,12
2684,B,1,1
2685,B,1,1
2686,A,2,12
2687,C,1,20
2688,C,1,15
2689,B,2,4
2690,C,2,7
2691,B,2,16
2692,A,1,3
2693,C,3,7
2694,A,1,6
2695,C,3,16
2696,A,2,8
2697,C,3,6
2698,A,2,10
2699,A,2,16
2700,C,3,11
2701,A,2,13
2702,A,3,6
2703,A,2,1
2704,C,1,19
2705,C,1,12
2706,A,2,6
2707,A,2,18
2708,C,3,13
2709,C,1,7
2710,A,3,13
2711,A,2,8
2712,A,2,17
2713,B,3,9
2714,C,2,20
2715,B,1,13
2716,C,3,2
2717,C,1,4
2718,C,1,2
2719,C,1,4
2720,C,3,18
2721,C,2,5
2722,C,1,19
2723,B,1,10
2724,A,1,18
2725,A,2,10
2726,B,2,5
2727,B,3,17
2728,B,2,13
2729,B,3,17
2730,C,3,9
2731,A,3,12
2732,C,3,14
2733,A,3,14
2734,A,1,8
2735,B,2,5
2736,C,1,19
2737,B,3,14
2738,C,2,9
2739,A,1,7
2740,B,1,8
2741,B,3,14
2742,A,1,14
2743,A,1,11
2744,A,1,14
2745,B,1,8
2746,C,1,3
2747,B,3,18
2748,C,3,3
2749,B,1,13
2750,B,3,12
2751,A,3,15
2752,C,2,18
2753,B,1,5
2754,B,3,7
2755,A,3,11
2756,A,1,11
2757,C,2,15
2758,B,1,10
2759,C,2,15
2760,B,1,13
2761,C,1,14
2762,A,1,17
2763,B,1,13
2764,C,2,10
2765,A,2,1
2766,A,3,1
2767,C,1,15
2768,B,2,16
2769,B,2,12
2770,A,2,6
2771,B,1,6
2772,B,3,12
2773,B,2,15
2774,A,1,4
2775,C,2,4
2776,B,2,2
2777,A,3,12
2778,A,2,7
2779,C,2,20
2780,B,1,9
2781,B,1,9
2782,C,3,8
2783,C,1,14
2784,A,1,1
2785,A,3,12
2786,C,2,2
2787,B,3,13
2788,A,1,4
2789,A,3,20
2790,B,2,18
2791,A,3,19
2792,B,1,16
2793,B,1,14
2794,B,3,8
2795,C,2,12
2796,C,3,9
2797,C,2,6
2798,B,2,18
2799,B,3,2
2800,C,2,8
2801,A,1,14
2802,B,3,6
2803,A,2,10
2804,A,1,8
2805,B,3,17
2806,B,1,12
2807,A,1,17
2808,A,1,13
2809,C,2,19
2810,C,3,12
2811,B,3,16
2812,C,2,5
2813,C,3,16
2814,C,1,6
2815,C,3,11
2816,A,2,17
2817,B,1,14
2818,C,2,6
2819,A,1,11
2820,A,1,12
2821,A,3,13
2822,C,1,4
2823,C,2,7
2824,B,3,2
2825,C,2,6
2826,C,1,6
2827,A,2,18
2828,B,2,20
2829,C,1,8
2830,C,3,8
2831,A,2,8
2832,A,1,8
2833,C,3,1
2834,B,3,2
2835,B,3,12
2836,A,2,15
2837,A,2,4
2838,C,2,3
2839,A,3,14
2840,C,2,8
2841,B,1,13
2842,B,2,19
2843,C,2,5
2844,A,3,13
2845,B,2,20
2846,A,1,1
2847,B,3,16
2848,C,1,2
2849,C,3,7
2850,C,3,6
2851,B,2,5
2852,A,1,4
2853,A,3,2
2854,A,2,10
2855,B,3,5
2856,B,3,18
2857,B,3,10
2858,B,3,15
2859,B,3,9
2860,A,3,11
2861,B,2,17
2862,B,3,9
2863,A,1,16
2864,B,2,6
2865,A,1,11
2866,A,3,17
2867,C,1,4
2868,C,3,15
2869,C,3,1
2870,C,2,20
2871,B,2,1
2872,C,3,9
2873,A,2,12
2874,B,1,4
2875,C,2,13
2876,A,2,7
2877,B,1,8
2878,B,2,13
2879,C,3,11
2880,B,1,9
2881,A,3,16
2882,B,1,10
2883,A,3,11
2884,B,3,12
2885,C,2,14
2886,A,3,19
2887,B,2,12
2888,B,1,18
2889,B,3,17
2890,A,3,3
2891,A,1,1
2892,A,1,19
2893,C,3,4
2894,C,1,16
2895,A,2,12
2896,B,1,13
2897,C,1,17
2898,A,3,8
2899,B,2,13
2900,C,1,20
2901,B,2,5
2902,B,2,18
2903,B,2,15
2904,B,3,12
2905,C,1,17
2906,C,3,15
2907,C,1,2
2908,A,1,6
2909,C,3,17
2910,B,2,16
2911,C,2,17
2912,B,1,20
2913,A,3,9
2914,B,2,5
2915,B,2,1
2916,B,1,6
2917,A,1,14
2918,C,3,17
2919,C,1,19
2920,A,2,1
2921,B,2,1
2922,C,2,13
2923,A,2,14
2924,C,3,6
2925,A,3,6
2926,B,1,1
2927,C,1,14
2928,A,1,3
2929,C,3,10
2930,C,2,19
2931,C,1,19
2932,C,2,19
2933,A,1,4
2934,B,1,20
2935,A,1,19
2936,A,1,10
2937,A,1,2
2938,B,2,4
2939,C,1,6
2940,C,2,7
2941,C,3,16
2942,B,1,7
2943,C,2,18
2944,B,3,20
2945,C,3,19
2946,C,3,9
2947,A,2,20
2948,B,1,10
2949,A,1,13
2950,A,2,18
2951,A,1,16
2952,B,2,17
2953,B,1,13
2954,C,3,12
2955,A,1,10
2956,C,2,1
2957,A,2,8
2958,B,3,18
2959,B,2,2
2960,B,1,16
2961,A,1,12
2962,B,3,9
2963,A,2,3
2964,C,3,4
2965,A,1,2
2966,C,3,8
2967,A,2,10
2968,C,3,16
2969,B,2,11
2970,C,2,18
2971,B,1,14
2972,B,1,8
2973,C,1,15
2974,A,2,17
2975,A,3,18
2976,A,2,6
2977,A,1,14
2978,A,1,3
2979,B,3,7
2980,A,1,15
2981,B,1,16
2982,B,1,16
2983,B,3,8
2984,C,2,7
2985,C,1,6
2986,B,3,2
2987,C,1,13
2988,A,3,12
2989,A,1,15
2990,B,3,9
2991,A,1,2
2992,B,2,17
2993,B,1,5
2994,A,3,11
2995,C,1,19
2996,A,2,7
2997,A,1,2
2998,B,3,16
2999,B,3,12
3000,B,2,15
3001,B,3,1
3002,C,1,13
3003,C,1,6
3004,C,1,13
3005,B,3,18
3006,B,1,3
3007,B,1,1
3008,C,1,15
3009,B,2,13
3010,A,3,5
3011,A,3,13
3012,B,3,5
3013,A,2,19
3014,A,3,18
3015,C,2,10
3016,B,2,8
3017,B,3,15
3018,C,1,20
3019,A,1,4
3020,A,3,2
3021,B,3,6
3022,A,2,3
3023,C,3,7
3024,C,2,10
3025,B,3,6
3026,C,1,16
3027,C,1,2
3028,B,3,17
3029,C,2,13
3030,C,1,1
3031,C,2,6
3032,A,3,5
3033,B,3,13
3034,B,1,18
3035,B,3,12
3036,A,1,7
3037,A,2,15
3038,B,1,3
3039,A,1,16
3040,B,2,1
3041,A,1,16
3042,C,1,12
3043,C,3,19
3044,B,2,8
3045,A,1,12
3046,A,2,15
3047,C,2,2
3048,C,1,17
3049,A,3,7
3050,A,2,13
3051,A,1,1
3052,A,2,6
3053,A,3,13
3054,A,3,11
3055,B,3,10
3056,A,1,16
3057,C,1,20
3058,B,3,17
3059,A,1,17
3060,C,3,4
3061,B,1,5
3062,C,3,14
3063,A,2,20
3064,A,3,10
3065,A,3,14
3066,A,1,1
3067,B,1,11
3068,B,1,18
3069,C,1,16
3070,A,1,18
3071,C,1,8
3072,B,2,10
3073,A,3,10
3074,A,3,5
3075,B,3,10
3076,B,2,18
3077,B,3,6
3078,B,2,3
3079,B,2,8
3080,A,2,9
3081,B,3,5
3082,A,2,2
3083,A,3,2
3084,B,3,7
3085,B,1,17
3086,A,1,10
3087,B,2,12
3088,B,2,2
3089,B,3,10
3090,C,2,20
3091,A,2,1
3092,C,3,4
3093,B,2,13
3094,C,2,12
3095,B,3,11
3096,C,3,10
3097,B,1,15
3098,C,3,5
3099,C,1,17
3100,C,2,5
3101,A,3,2
3102,C,3,9
3103,A,3,6
3104,B,2,18
3105,C,1,14
3106,B,2,19
3107,B,2,14
3108,C,3,8
3109,A,1,17
3110,C,2,3
3111,B,3,10
3112,B,2,17
3113,C,2,11
3114,A,3,8
3115,A,3,1
3116,B,1,13
3117,B,2,4
3118,A,3,7
3119,C,3,14
3120,B,1,5
3121,A,1,11
3122,B,3,17
3123,C,1,5
3124,A,3,20
3125,B,2,3
3126,C,1,5
3127,B,2,15
3128,C,2,19
3129,C,2,16
3130,A,3,8
3131,C,2,13
3132,B,2,16
3133,C,2,3
3134,C,3,1
3135,A,2,9
3136,C,2,9
3137,C,1,17
3138,B,3,2
3139,A,2,9
3140,A,1,19
3141,A,3,13
3142,C,3,5
3143,A,3,9
3144,C,3,13
3145,C,3,1
3146,B,3,15
3147,B,2,4
3148,B,2,4
3149,B,2,20
3150,B,2,10
3151,C,1,6
3152,C,2,12
3153,A,3,20
3154,C,2,16
3155,C,2,3
3156,B,3,14
3157,C,2,1
3158,B,2,10
3159,A,2,15
3160,A,1,7
3161,C,2,4
3162,A,3,14
3163,C,3,16
3164,A,2,14
3165,B,2,3
3166,B,2,17
3167,B,3,14
3168,B,3,18
3169,C,1,3
3170,A,1,19
3171,C,1,3
3172,B,3,12
3173,C,1,5
3174,A,2,10
3175,C,2,9
3176,A,3,1
3177,C,1,13
3178,A,2,3
3179,A,3,19
3180,B,1,11
3181,A,2,16
3182,B,1,6
3183,B,3,3
3184,B,1,19
3185,C,3,6
3186,C,1,8
3187,C,2,13
3188,C,3,12
3189,A,3,10
3190,A,3,3
3191,C,1,4
3192,A,1,1
3193,A,2,13
3194,B,3,4
3195,B,3,11
3196,B,1,19
3197,B,1,11
3198,A,2,12
3199,C,2,11
3200,A,1,6
3201,A,3,12
3202,A,2,9
3203,B,1,10
3204,B,1,3
3205,B,3,3
3206,C,1,20
3207,A,1,16
3208,C,2,3
3209,B,1,10
3210,C,1,11
3211,A,2,8
3212,A,3,6
3213,B,3,20
3214,B,2,11
3215,C,2,12
3216,B,3,16
3217,B,3,18
3218,A,3,13
3219,B,3,3
3220,B,3,15
3221,A,2,14
3222,A,1,18
3223,C,3,14
3224,B,3,5
3225,A,1,14
3226,C,1,8
3227,C,1,15
3228,B,1,15
3229,B,1,19
3230,C,1,20
3231,A,2,6
3232,C,1,19
3233,B,1,8
3234,A,2,6
3235,A,1,20
3236,C,3,15
3237,B,3,3
3238,C,1,10
3239,C,2,15
3240,C,3,16
3241,A,2,17
3242,A,3,19
3243,B,1,11
3244,B,2,16
3245,C,2,5
3246,C,2,5
3247,C,3,14
3248,B,3,18
3249,A,3,8
3250,A,1,5
3251,C,3,7
3252,C,1,16
3253,C,2,14
3254,C,2,5
3255,B,1,9
3256,A,3,4
3257,C,1,4
3258,B,2,16
3259,C,2,17
3260,C,1,15
3261,A,3,4
3262,C,3,6
3263,A,1,16
3264,A,1,4
3265,A,3,6
3266,B,2,5
3267,B,1,16
3268,A,3,16
3269,C,3,10
3270,A,2,9
3271,C,2,4
3272,A,2,14
3273,C,2,4
3274,B,2,12
3275,C,1,10
3276,A,3,4
3277,B,1,18
3278,C,1,13
3279,C,1,13
3280,C,1,14
3281,C,1,18
3282,C,2,1
3283,B,2,16
3284,B,3,15
3285,B,1,5
3286,B,3,6
3287,A,2,6
3288,B,2,3
3289,C,2,16
3290,C,1,12
3291,B,1,4
3292,C,2,1
3293,B,3,4
3294,C,3,1
3295,A,2,8
3296,A,3,5
3297,B,2,2
3298,B,3,12
3299,B,2,17
3300,C,3,7
3301,B,1,11
3302,A,2,4
3303,C,2,5
3304,B,3,6
3305,C,2,11
3306,C,2,1
3307,B,2,10
3308,C,1,20
3309,A,1,11
3310,A,3,17
3311,C,1,8
3312,B,3,13
3313,C,1,20
3314,A,3,18
3315,C,1,16
3316,C,1,2
3317,A,3,5
3318,C,2,18
3319,C,2,3
3320,B,1,17
3321,B,3,16
3322,A,2,6
3323,A,3,19
3324,A,2,7
3325,B,3,18
3326,A,1,14
3327,A,3,6
3328,A,2,8
3329,B,1,15
3330,C,3,15
3331,A,2,15
3332,C,1,16
3333,A,3,1
3334,C,2,11
3335,B,3,5
3336,B,3,5
3337,A,1,6
3338,C,1,2
3339,B,2,6
3340,A,1,14
3341,A,2,11
3342,B,3,4
3343,B,3,9
3344,A,2,3
3345,C,3,16
3346,C,1,11
3347,C,3,4
3348,A,1,1
3349,B,2,16
3350,A,2,19
3351,B,3,16
3352,C,3,11
3353,C,1,8
3354,B,1,1
3355,B,3,9
3356,A,3,12
3357,C,2,8
3358,A,2,17
3359,A,2,10
3360,A,3,7
3361,C,3,19
3362,A,3,6
3363,A,2,19
3364,A,3,18
3365,A,1,15
3366,A,3,2
3367,A,3,14
3368,C,3,10
3369,A,3,16
3370,B,3,7
3371,A,1,8
3372,A,1,10
3373,C,3,15
3374,C,2,8
3375,B,3,13
3376,B,3,12
3377,C,3,8
3378,C,2,15
3379,A,2,12
3380,C,2,11
3381,B,1,19
3382,A,2,14
3383,B,1,18
3384,A,1,13
3385,C,2,4
3386,B,2,17
3387,A,2,19
3388,A,1,9
3389,C,3,7
3390,C,2,1
3391,C,2,7
3392,B,2,7
3393,A,1,20
3394,C,1,7
3395,B,3,8
3396,B,2,16
3397,B,1,3
3398,C,3,13
3399,C,2,10
3400,A,1,18
3401,A,2,7
3402,C,2,5
3403,B,1,7
3404,B,1,17
3405,B,1,4
3406,A,2,16
3407,B,2,19
3408,A,3,10
3409,A,2,3
3410,B,1,3
3411,B,2,17
3412,C,3,10
3413,C,3,17
3414,B,1,17
3415,A,1,4
3416,A,3,6
3417,A,3,12
3418,A,3,20
3419,A,1,17
3420,C,3,17
3421,B,3,10
3422,C,1,7
3423,A,2,16
3424,A,2,13
3425,A,3,3
3426,A,2,2
3427,B,2,16
3428,A,2,6
3429,B,2,6
3430,A,3,13
3431,B,2,7
3432,C,2,5
3433,A,1,7
3434,B,3,2
3435,C,1,17
3436,A,1,13
3437,A,3,16
3438,A,2,20
3439,B,1,2
3440,B,3,5
3441,C,2,18
3442,B,3,7
3443,B,1,11
3444,A,2,11
3445,A,2,17
3446,A,3,16
3447,A,2,13
3448,A,1,5
3449,A,1,20
3450,A,1,16
3451,C,3,16
3452,C,2,16
3453,C,2,14
3454,C,2,6
3455,A,1,2
3456,C,2,14
3457,A,1,16
3458,C,2,20
3459,B,1,13
3460,C,2,15
3461,C,3,12
3462,A,3,9
3463,C,1,18
3464,B,1,14
3465,A,2,20
3466,A,2,4
3467,C,3,8
3468,A,2,8
3469,A,1,16
3470,A,1,10
3471,A,1,17
3472,A,1,1
3473,A,1,18
3474,B,3,10
3475,C,3,4
3476,B,1,1
3477,A,2,4
3478,A,1,4
3479,C,3,4
3480,B,1,17
3481,C,3,9
3482,B,3,19
3483,A,1,13
3484,C,1,4
3485,C,2,5
3486,A,3,13
3487,C,2,16
3488,B,1,5
3489,B,3,8
3490,B,2,16
3491,B,2,1
3492,A,2,6
3493,C,1,11
3494,B,1,16
3495,A,1,5
3496,C,3,16
3497,C,1,7
3498,A,3,19
3499,A,2,1
3500,B,2,9
3501,C,1,18
3502,C,2,13
3503,A,1,15
3504,C,3,3
3505,B,2,10
3506,C,1,9
3507,A,2,13
3508,A,2,16
3509,B,1,3
3510,B,2,15
3511,C,2,17
3512,C,2,14
3513,A,2,7
3514,B,3,20
3515,B,2,16
3516,B,2,8
3517,C,1,4
3518,B,3,20
3519,A,1,15
3520,A,1,5
3521,C,1,13
3522,C,3,6
3523,B,1,5
3524,C,1,17
3525,A,1,7
3526,B,2,6
3527,A,1,2
3528,B,3,11
3529,C,3,7
3530,B,2,8
3531,B,3,5
3532,A,3,18
3533,A,2,16
3534,B,1,14
3535,C,2,12
3536,C,1,17
3537,A,1,5
3538,C,3,14
3539,A,2,6
3540,C,3,15
3541,B,3,7
3542,A,1,14
3543,A,3,18
3544,B,2,1
3545,A,3,6
3546,C,3,3
3547,C,1,5
3548,A,2,12
3549,C,3,11
3550,A,1,13
3551,B,3,16
3552,A,2,18
3553,B,3,17
3554,C,3,17
3555,B,1,11
3556,C,3,20
3557,A,1,10
3558,C,2,16
3559,A,3,2
3560,A,2,17
3561,B,2,20
3562,B,3,10
3563,B,1,13
3564,B,2,12
3565,C,2,15
3566,C,3,7
3567,C,3,13
3568,A,3,12
3569,C,3,12
3570,C,3,2
3571,C,3,5
3572,B,1,2
3573,C,2,20
3574,A,1,13
3575,B,1,3
3576,A,3,11
3577,C,2,16
3578,B,1,1
3579,A,3,19
3580,C,3,11
3581,A,2,9
3582,A,1,14
3583,A,1,9
3584,C,1,7
3585,C,3,16
3586,A,2,3
3587,B,2,19
3588,B,1,4
3589,C,3,7
3590,C,1,12
3591,C,2,18
3592,C,3,5
3593,C,1,10
3594,B,1,12
3595,C,3,8
3596,A,2,19
3597,A,3,15
3598,B,1,1
3599,A,1,3
3600,B,1,18
3601,B,1,18
3602,A,2,2
3603,C,2,5
3604,A,1,1
3605,A,2,10
3606,B,2,20
3607,A,2,10
3608,B,1,5
3609,C,3,18
3610,C,3,15
3611,C,3,20
3612,A,1,8
3613,B,2,17
3614,C,2,12
3615,B,1,12
3616,B,1,1
3617,C,3,4
3618,C,3,8
3619,B,1,1
3620,C,3,15
3621,B,2,18
3622,B,1,1
3623,C,1,11
3624,A,2,2
3625,C,2,1
3626,A,2,12
3627,B,3,16
3628,B,1,10
3629,A,3,18
3630,B,2,15
3631,A,3,17
3632,A,2,10
3633,B,3,3
3634,A,3,16
3635,C,2,6
3636,C,3,3
3637,B,1,9
3638,B,3,11
3639,A,3,13
3640,A,1,18
3641,A,2,4
3642,A,1,8
3643,C,3,13
3644,C,2,10
3645,B,3,2
3646,A,3,8
3647,A,1,6
3648,B,1,16
3649,A,2,18
3650,A,2,17
3651,A,2,6
3652,A,3,13
3653,A,1,14
3654,B,1,10
3655,A,1,11
3656,B,2,13
3657,A,1,12
3658,C,1,9
3659,C,1,4
3660,C,2,7
3661,C,1,2
3662,B,2,7
3663,B,1,9
3664,A,1,5
3665,C,1,15
3666,B,2,18
3667,A,2,4
3668,A,1,19
3669,B,3,20
3670,C,2,7
3671,A,2,8
3672,C,1,17
3673,C,3,13
3674,C,1,11
3675,A,2,1
3676,C,2,2
3677,A,1,17
3678,C,1,5
3679,A,3,6
3680,C,3,7
3681,B,2,15
3682,C,3,19
3683,C,3,16
3684,A,2,13
3685,A,2,5
3686,C,2,3
3687,B,2,3
3688,B,1,19
3689,A,2,14
3690,B,2,16
3691,C,2,17
3692,A,3,4
3693,C,2,13
3694,A,1,8
3695,A,1,19
3696,A,2,5
3697,A,1,2
3698,B,3,15
3699,C,2,2
3700,C,1,11
3701,C,1,13
3702,A,2,10
3703,B,1,3
3704,C,2,5
3705,B,1,3
3706,A,3,6
3707,C,1,13
3708,B,1,10
3709,A,2,19
3710,B,1,8
3711,C,2,18
3712,C,3,3
3713,A,2,17
3714,A,2,8
3715,A,1,10
3716,B,3,2
3717,B,2,12
3718,B,1,6
3719,A,1,2
3720,C,2,3
3721,C,1,17
3722,B,2,7
3723,B,2,5
3724,C,2,1
3725,C,3,8
3726,B,2,12
3727,B,1,14
3728,C,3,16
3729,A,1,10
3730,B,3,15
3731,C,3,15
3732,C,3,10
3733,C,3,7
3734,C,1,3
3735,A,2,2
3736,C,1,6
3737,B,2,9
3738,A,1,10
3739,C,3,4
3740,A,3,3
3741,B,2,9
3742,C,2,17
3743,B,1,14
3744,C,2,10
3745,C,1,13
3746,C,2,12
3747,C,2,1
3748,C,2,19
3749,A,3,19
3750,C,3,6
3751,C,1,13
3752,A,2,19
3753,A,1,13
3754,A,2,4
3755,A,3,2
3756,A,3,15
3757,A,2,12
3758,C,2,7
3759,C,3,20
3760,B,3,18
3761,C,1,13
3762,C,3,17
3763,A,2,4
3764,A,1,14
3765,C,2,20
3766,B,1,13
3767,A,2,3
3768,C,3,18
3769,C,2,14
3770,B,1,15
3771,B,2,3
3772,A,1,1
3773,B,2,17
3774,C,3,3
3775,C,3,14
3776,B,2,3
3777,B,2,13
3778,B,2,15
3779,B,1,18
3780,A,2,14
3781,B,2,3
3782,A,1,19
3783,C,3,8
3784,B,2,4
3785,A,2,4
3786,B,3,19
3787,C,3,11
3788,C,1,1
3789,C,2,8
3790,B,2,15
3791,B,1,1
3792,A,3,7
3793,C,1,20
3794,B,3,20
3795,C,1,11
3796,C,3,14
3797,A,1,16
3798,A,3,14
3799,A,3,12
3800,A,3,17
3801,C,3,14
3802,A,3,10
3803,A,2,14
3804,A,3,18
3805,A,2,9
3806,C,3,17
3807,A,2,6
3808,C,2,8
3809,B,1,13
3810,C,3,18
3811,C,1,5
3812,A,1,6
3813,B,3,19
3814,B,1,4
3815,B,3,7
3816,B,1,4
3817,C,3,11
3818,B,3,12
3819,C,3,14
3820,C,2,13
3821,C,1,10
3822,B,2,18
3823,A,1,16
3824,A,1,5
3825,B,1,8
3826,A,2,14
3827,A,1,5
3828,C,2,8
3829,C,3,6
3830,B,1,16
3831,B,1,4
3832,A,3,12
3833,C,3,11
3834,B,1,3
3835,B,3,12
3836,B,2,5
3837,B,2,6
3838,B,1,19
3839,B,2,18
3840,A,2,16
3841,C,1,11
3842,C,3,5
3843,B,1,9
3844,C,2,3
3845,C,1,8
3846,C,1,6
3847,B,2,4
3848,B,2,12
3849,C,1,12
3850,C,2,16
3851,B,2,10
3852,A,2,14
3853,C,2,13
3854,A,2,9
3855,C,2,7
3856,A,3,12
3857,A,1,5
3858,A,2,18
3859,B,1,4
3860,A,3,2
3861,A,2,3
3862,A,1,12
3863,C,2,3
3864,A,2,4
3865,C,2,6
3866,A,2,12
3867,A,2,19
3868,B,2,10
3869,C,2,1
3870,A,3,17
3871,C,3,16
3872,C,2,9
3873,B,2,9
3874,B,3,9
3875,B,3,12
3876,B,3,9
3877,B,2,15
3878,B,1,2
3879,B,1,11
3880,B,1,11
3881,A,1,8
3882,C,2,6
3883,B,1,20
3884,B,3,7
3885,C,3,3
3886,A,1,8
3887,C,3,18
3888,C,2,17
3889,B,1,11
3890,C,1,2
3891,C,2,19
3892,B,3,7
3893,B,2,18
3894,B,2,8
3895,B,3,14
3896,C,2,7
3897,C,3,4
3898,A,3,17
3899,A,2,5
3900,C,3,12
3901,A,2,9
3902,C,3,20
3903,A,1,13
3904,B,3,18
3905,A,3,20
3906,B,2,9
3907,B,3,4
3908,B,1,8
3909,B,1,1
3910,A,3,17
3911,C,3,9
3912,B,1,20
3913,A,2,13
3914,B,1,2
3915,A,1,13
3916,A,3,9
3917,A,3,20
3918,C,1,6
3919,A,2,1
3920,A,1,5
3921,C,1,3
3922,C,2,4
3923,A,1,1
3924,C,1,14
3925,B,3,9
3926,B,2,4
3927,C,3,18
3928,C,3,14
3929,A,2,4
3930,C,2,10
3931,A,1,3
3932,B,3,7
3933,C,2,10
3934,A,3,13
3935,A,3,4
3936,B,2,18
3937,C,1,11
3938,B,3,4
3939,A,2,14
3940,A,1,18
3941,C,3,8
3942,A,2,10
3943,C,3,5
3944,B,2,7
3945,C,2,12
3946,C,3,3
3947,A,3,4
3948,A,2,10
3949,C,1,4
3950,A,3,15
3951,A,2,10
3952,A,2,16
3953,C,1,15
3954,A,1,19
3955,C,1,20
3956,A,3,19
3957,B,2,18
3958,A,2,12
3959,A,2,16
3960,C,1,1
3961,C,2,16
3962,A,3,2
3963,B,1,15
3964,A,1,7
3965,A,1,1
3966,B,1,5
3967,C,3,10
3968,A,2,4
3969,C,3,14
3970,C,2,13
3971,B,3,1
3972,B,1,16
3973,C,1,9
3974,A,3,16
3975,C,3,19
3976,A,2,15
3977,A,3,14
3978,B,3,20
3979,A,2,10
3980,A,2,12
3981,C,2,1
3982,B,3,17
3983,A,2,9
3984,A,1,19
3985,B,1,18
3986,C,1,7
3987,B,3,9
3988,B,1,12
3989,A,3,7
3990,A,3,14
3991,C,1,15
3992,A,2,15
3993,A,3,6
3994,B,1,14
3995,A,3,2
3996,C,2,8
3997,B,2,13
3998,C,1,6
3999,B,3,5
4000,A,3,5
4001,B,3,1
4002,B,3,9
4003,A,1,6
4004,A,2,20
4005,C,1,7
4006,C,3,9
4007,A,3,5
4008,A,2,14
4009,A,3,5
4010,B,1,8
4011,B,1,7
4012,B,2,13
4013,A,1,13
4014,C,1,8
4015,A,1,11
4016,B,1,18
4017,B,3,19
4018,A,1,6
4019,A,2,2
4020,B,2,13
4021,B,1,11
4022,B,2,1
4023,A,1,2
4024,B,2,17
4025,B,2,8
4026,C,1,2
4027,A,1,6
4028,C,3,5
4029,C,1,16
4030,B,1,8
4031,A,3,19
4032,B,1,16
4033,A,1,13
4034,C,3,20
4035,A,1,7
4036,B,1,16
4037,B,3,16
4038,B,3,12
4039,A,2,14
4040,C,1,18
4041,C,2,18
4042,A,2,16
4043,B,3,20
4044,C,1,16
4045,B,1,13
4046,A,3,9
4047,B,2,9
4048,C,3,13
4049,C,1,4
4050,B,3,9
4051,A,1,15
4052,B,2,14
4053,A,1,19
4054,B,2,12
4055,C,2,6
4056,A,1,3
4057,A,1,20
4058,A,2,16
4059,C,3,20
4060,B,1,17
4061,C,2,16
4062,A,2,6
4063,B,3,8
4064,C,1,19
4065,A,2,2
4066,A,3,14
4067,C,2,12
4068,C,1,17
4069,C,3,15
4070,A,2,18
4071,C,3,16
4072,A,1,13
4073,C,3,17
4074,A,1,8
4075,A,2,1
4076,B,1,3
4077,C,2,16
4078,C,2,2
4079,A,1,15
4080,A,2,1
4081,A,3,9
4082,B,2,16
4083,B,1,4
4084,A,3,12
4085,C,3,1
4086,C,2,1
4087,B,2,7
4088,B,1,18
4089,A,3,15
4090,C,1,13
4091,A,2,16
4092,B,3,7
4093,C,1,16
4094,C,1,13
4095,B,1,14
4096,A,1,17
4097,A,1,12
4098,C,3,20
4099,B,1,13
4100,C,3,20
4101,B,1,15
4102,A,2,4
4103,B,2,2
4104,A,1,18
4105,B,2,2
4106,C,3,15
4107,A,1,19
4108,C,3,15
4109,C,1,20
4110,A,2,10
4111,A,3,20
4112,C,2,11
4113,C,2,10
4114,C,1,5
4115,C,3,9
4116,A,2,20
4117,A,1,19
4118,C,1,13
4119,B,1,18
4120,B,2,17
4121,A,1,6
4122,C,3,10
4123,C,3,2
4124,A,2,6
4125,B,3,13
4126,B,1,18
4127,B,2,7
4128,A,1,2
4129,B,2,14
4130,A,2,5
4131,A,1,18
4132,C,3,11
4133,B,3,10
4134,A,2,11
4135,B,1,2
4136,B,1,15
4137,C,2,7
4138,B,3,9
4139,C,1,5
4140,A,3,7
4141,B,3,20
4142,A,2,2
4143,B,2,3
4144,A,3,2
4145,B,1,19
4146,B,1,4
4147,B,2,20
4148,B,3,7
4149,B,1,7
4150,B,1,17
4151,B,2,19
4152,B,3,16
4153,B,1,3
4154,A,2,15
4155,C,1,14
4156,B,1,15
4157,C,1,14
4158,B,2,7
4159,B,3,3
4160,A,2,17
4161,A,3,10
4162,C,1,15
4163,A,3,6
4164,A,1,17
4165,C,1,17
4166,A,2,14
4167,B,1,18
4168,C,2,5
4169,C,3,8
4170,B,3,7
4171,A,1,4
4172,C,2,18
4173,C,1,5
4174,B,2,16
4175,B,2,14
4176,A,2,19
4177,C,3,14
4178,A,2,9
4179,A,3,6
4180,B,2,17
4181,C,3,19
4182,C,3,12
4183,C,3,4
4184,B,1,16
4185,B,2,11
4186,B,1,4
4187,B,2,17
4188,B,2,8
4189,C,1,14
4190,A,3,2
4191,C,2,11
4192,A,3,11
4193,B,1,6
4194,A,3,14
4195,C,2,10
4196,C,2,8
4197,A,2,7
4198,B,1,8
4199,B,2,8
4200,C,1,2
4201,A,3,16
4202,B,2,9
4203,B,2,13
4204,C,2,12
4205,B,3,17
4206,A,2,2
4207,C,1,13
4208,C,3,1
4209,A,3,19
4210,C,3,11
4211,B,3,5
4212,B,3,1
4213,A,1,20
4214,B,3,13
4215,A,2,8
4216,A,3,6
4217,B,3,17
4218,A,3,12
4219,B,3,1
4220,C,3,3
4221,C,1,14
4222,A,1,8
4223,B,3,11
4224,B,1,14
4225,C,2,8
4226,C,3,3
4227,B,2,7
4228,A,2,19
4229,C,3,4
4230,A,2,16
4231,A,2,13
4232,C,2,20
4233,A,3,19
4234,A,3,5
4235,B,2,5
4236,A,3,20
4237,B,3,4
4238,C,2,2
4239,C,3,13
4240,B,1,16
4241,C,3,2
4242,A,1,19
4243,A,2,17
4244,A,3,5
4245,C,2,18
4246,A,2,18
4247,C,2,8
4248,A,2,15
4249,B,2,13
4250,C,3,13
4251,C,1,16
4252,A,3,20
4253,C,3,13
4254,C,3,20
4255,B,3,2
4256,B,1,3
4257,A,3,15
4258,B,2,19
4259,A,3,13
4260,A,3,5
4261,A,1,6
4262,C,1,14
4263,B,2,4
4264,A,3,19
4265,B,3,7
4266,A,3,4
4267,B,2,2
4268,B,1,7
4269,A,2,3
4270,C,3,15
4271,B,1,1
4272,C,1,2
4273,C,2,10
4274,A,1,16
4275,A,1,15
4276,A,3,15
4277,B,3,14
4278,A,1,14
4279,A,1,6
4280,B,2,14
4281,B,2,17
4282,A,1,18
4283,A,3,20
4284,A,1,19
4285,A,1,17
4286,C,3,16
4287,C,3,8
4288,A,2,7
4289,C,2,20
4290,B,2,12
4291,C,2,9
4292,C,3,14
4293,A,1,20
4294,C,2,1
4295,C,2,10
4296,C,3,17
4297,C,3,17
4298,B,1,17
4299,A,1,4
4300,A,3,17
4301,B,2,18
4302,C,2,20
4303,B,2,2
4304,C,1,8
4305,B,2,13
4306,A,2,20
4307,A,3,15
4308,A,2,20
4309,C,3,9
4310,C,2,3
4311,B,1,3
4312,B,2,2
4313,A,2,1
4314,C,3,14
4315,B,3,17
4316,C,3,13
4317,C,2,19
4318,A,2,15
4319,A,1,14
4320,C,2,2
4321,C,1,7
4322,C,3,17
4323,C,3,18
4324,A,3,6
4325,B,1,8
4326,A,2,2
4327,B,3,1
4328,C,2,16
4329,B,2,7
4330,A,3,11
4331,A,1,15
4332,C,2,13
4333,A,3,2
4334,C,2,14
4335,A,2,6
4336,A,2,9
4337,C,2,7
4338,B,2,18
4339,A,1,9
4340,B,1,4
4341,A,3,9
4342,A,1,4
4343,A,1,12
4344,A,1,4
4345,B,2,20
4346,B,2,14
4347,A,3,7
4348,A,3,13
4349,B,3,8
4350,C,2,5
4351,C,1,12
4352,B,1,13
4353,A,2,20
4354,A,3,14
4355,C,3,18
4356,C,3,20
4357,B,2,4
4358,C,3,18
4359,B,3,7
4360,C,2,15
4361,C,1,6
4362,C,2,16
4363,A,2,20
4364,A,2,8
4365,A,2,16
4366,C,1,16
4367,B,3,3
4368,B,2,17
4369,B,1,9
4370,B,3,3
4371,A,3,20
4372,A,3,7
4373,C,2,18
4374,C,2,12
4375,B,3,19
4376,A,3,16
4377,B,3,17
4378,C,3,20
4379,C,3,15
4380,B,3,1
4381,C,1,2
4382,B,3,8
4383,A,2,2
4384,B,2,19
4385,A,2,9
4386,A,3,9
4387,C,2,13
4388,C,1,6
4389,C,3,15
4390,B,2,19
4391,B,1,15
4392,C,1,18
4393,B,2,7
4394,C,1,11
4395,B,2,8
4396,A,1,6
4397,A,3,8
4398,C,3,2
4399,B,3,19
4400,B,3,16
4401,A,3,7
4402,A,2,10
4403,C,3,12
4404,A,3,17
4405,C,3,7
4406,A,3,8
4407,A,1,7
4408,B,3,4
4409,A,3,3
4410,A,2,19
4411,C,1,15
4412,A,2,4
4413,C,3,9
4414,A,2,13
4415,A,2,18
4416,C,3,16
4417,B,1,1
4418,C,1,4
4419,C,2,18
4420,C,3,8
4421,B,2,20
4422,A,2,16
4423,C,2,11
4424,C,3,20
4425,B,3,19
4426,C,1,19
4427,A,3,18
4428,B,2,19
4429,A,2,11
4430,A,1,3
4431,B,3,8
4432,C,2,20
4433,A,1,19
4434,A,1,10
4435,A,2,16
4436,A,2,5
4437,B,3,20
4438,B,1,9
4439,A,2,8
4440,C,1,11
4441,A,3,16
4442,C,2,7
4443,A,3,15
4444,C,1,20
4445,A,3,17
4446,C,3,6
4447,A,1,15
4448,A,3,8
4449,C,1,7
4450,B,2,2
4451,C,1,13
4452,B,1,6
4453,A,2,5
4454,C,1,20
4455,C,2,1
4456,C,2,18
4457,B,1,15
4458,B,3,10
4459,A,3,3
4460,B,2,5
4461,B,3,13
4462,A,3,8
4463,C,1,2
4464,C,2,9
4465,A,2,17
4466,C,1,18
4467,B,3,13
4468,A,2,1
4469,A,3,12
4470,A,2,20
4471,C,2,20
4472,A,2,5
4473,A,2,8
4474,A,3,15
4475,C,3,3
4476,B,3,6
4477,A,3,13
4478,B,1,12
4479,C,2,19
4480,C,2,18
4481,C,2,1
4482,C,1,7
4483,B,3,12
4484,A,2,10
4485,C,3,12
4486,C,3,11
4487,B,1,4
4488,B,1,19
4489,C,3,6
4490,A,2,9
4491,A,2,20
4492,C,1,10
4493,B,1,5
4494,C,1,13
4495,C,1,9
4496,B,1,2
4497,C,1,18
4498,C,1,1
4499,C,2,12
4500,B,1,10
4501,A,1,2
4502,A,2,9
4503,B,2,2
4504,A,3,14
4505,C,1,11
4506,A,1,11
4507,C,1,17
4508,A,1,4
4509,B,3,13
4510,A,2,7
4511,A,2,16
4512,A,1,1
4513,B,1,13
4514,A,1,1
4515,B,3,11
4516,C,3,6
4517,A,2,20
4518,B,1,3
4519,B,1,12
4520,A,1,5
4521,C,1,9
4522,B,3,12
4523,A,2,10
4524,C,2,19
4525,B,3,5
4526,B,1,5
4527,C,2,9
4528,C,2,20
4529,A,3,17
4530,A,1,10
4531,B,2,1
4532,C,1,16
4533,C,2,15
4534,C,3,17
4535,B,1,20
4536,C,3,13
4537,C,2,1
4538,B,3,8
4539,A,3,5
4540,A,3,6
4541,B,2,20
4542,C,1,14
4543,B,3,11
4544,A,1,6
4545,A,2,11
4546,B,1,13
4547,B,3,12
4548,A,3,2
4549,B,3,3
4550,A,3,4
4551,B,3,17
4552,B,3,6
4553,B,2,7
4554,A,2,15
4555,B,2,11
4556,A,1,3
4557,A,1,6
4558,B,2,2
4559,B,1,14
4560,A,1,9
4561,A,3,18
4562,C,3,19
4563,A,1,12
4564,C,1,13
4565,C,2,12
4566,C,1,12
4567,B,3,18
4568,B,1,9
4569,A,2,17
4570,C,3,16
4571,B,3,17
4572,B,3,8
4573,B,3,11
4574,B,1,2
4575,B,2,8
4576,C,1,12
4577,C,1,1
4578,C,3,13
4579,C,2,17
4580,A,3,14
4581,C,1,14
4582,B,1,16
4583,C,3,17
4584,A,1,6
4585,B,1,7
4586,C,3,1
4587,C,1,15
4588,C,2,20
4589,B,3,18
4590,B,2,13
4591,A,1,2
4592,B,1,19
4593,B,3,15
4594,C,1,12
4595,B,3,15
4596,C,3,18
4597,C,3,14
4598,B,3,6
4599,A,3,12
4600,A,2,20
4601,B,3,6
4602,A,2,9
4603,C,1,4
4604,C,3,17
4605,B,1,2
4606,A,3,16
4607,A,2,14
4608,C,2,8
4609,B,2,14
4610,A,1,2
4611,B,3,16
4612,A,1,4
4613,C,2,1
4614,C,1,20
4615,B,2,14
4616,C,2,8
4617,A,2,3
4618,C,3,5
4619,B,3,6
4620,B,2,8
4621,B,1,6
4622,A,1,6
4623,A,3,4
4624,A,2,7
4625,A,1,19
4626,A,2,7
4627,C,1,3
4628,A,3,8
4629,A,2,1
4630,C,2,1
4631,A,1,14
4632,B,1,6
4633,A,1,10
4634,A,2,14
4635,B,3,4
4636,B,3,6
4637,B,1,16
4638,B,3,1
4639,A,1,6
4640,B,3,9
4641,B,2,15
4642,C,1,12
4643,B,3,3
4644,B,2,11
4645,C,3,15
4646,C,2,3
4647,A,2,14
4648,C,3,2
4649,A,3,4
4650,C,2,19
4651,C,2,12
4652,A,2,2
4653,C,1,17
4654,A,2,3
4655,C,1,10
4656,B,2,16
4657,C,1,9
4658,A,2,11
4659,C,2,15
4660,A,2,3
4661,A,3,16
4662,B,3,12
4663,B,2,5
4664,A,1,7
4665,C,1,9
4666,A,2,18
4667,A,3,8
4668,C,1,12
4669,C,3,20
4670,C,1,2
4671,C,2,10
4672,A,3,19
4673,A,1,9
4674,B,2,8
4675,A,2,1
4676,C,2,6
4677,B,3,12
4678,C,3,19
4679,A,2,17
4680,B,3,2
4681,C,1,11
4682,B,2,18
4683,B,2,11
4684,A,3,18
4685,C,2,8
4686,B,1,15
4687,B,3,9
4688,C,3,15
4689,B,2,7
4690,B,2,20
4691,B,2,13
4692,C,3,13
4693,C,2,1
4694,C,1,20
4695,C,2,4
4696,A,2,4
4697,B,3,4
4698,C,2,13
4699,B,3,2
4700,B,2,15
4701,A,1,4
4702,C,1,6
4703,C,3,3
4704,B,3,7
4705,C,2,6
4706,B,2,3
4707,B,1,4
4708,A,2,10
4709,A,1,9
4710,A,3,6
4711,B,2,20
4712,C,3,11
4713,A,2,7
4714,C,1,18
4715,A,3,4
4716,A,3,5
4717,B,2,4
4718,A,3,4
4719,A,1,13
4720,B,3,16
4721,C,3,14
4722,A,2,11
4723,B,3,2
4724,A,2,14
4725,B,2,7
4726,C,3,11
4727,C,1,4
4728,B,2,7
4729,B,3,16
4730,B,2,6
4731,C,1,6
4732,A,1,2
4733,C,2,8
4734,B,1,7
4735,B,3,14
4736,C,3,9
4737,B,2,15
4738,C,1,18
4739,B,3,12
4740,A,3,19
4741,A,3,13
4742,B,2,7
4743,C,2,10
4744,A,3,10
4745,C,3,2
4746,B,1,14
4747,C,1,13
4748,A,1,6
4749,C,2,9
4750,C,3,13
4751,B,2,9
4752,B,3,13
4753,B,1,5
4754,A,1,14
4755,A,1,5
4756,B,1,9
4757,B,3,8
4758,A,1,7
4759,A,3,8
4760,A,3,3
4761,A,2,15
4762,B,1,8
4763,A,1,1
4764,B,2,7
4765,C,3,19
4766,C,1,2
4767,A,3,14
4768,C,2,18
4769,C,3,15
4770,C,1,14
4771,A,3,19
4772,A,3,19
4773,C,1,17
4774,B,1,19
4775,C,3,16
4776,A,3,20
4777,A,2,19
4778,A,1,1
4779,C,3,19
4780,B,1,7
4781,A,2,11
4782,A,3,5
4783,C,3,17
4784,B,3,11
4785,C,1,8
4786,A,2,10
4787,B,1,12
4788,B,3,10
4789,A,2,13
4790,B,3,18
4791,B,3,10
4792,C,1,19
4793,A,3,20
4794,A,2,17
4795,A,3,20
4796,A,3,16
4797,A,1,5
4798,B,2,3
4799,C,1,15
4800,A,3,2
4801,C,1,13
4802,C,1,8
4803,B,1,17
4804,A,1,4
4805,B,3,19
4806,A,3,9
4807,B,2,15
4808,C,1,9
4809,A,1,9
4810,C,2,14
4811,C,1,16
4812,B,2,17
4813,A,3,13
4814,C,2,9
4815,B,1,15
4816,A,2,7
4817,A,3,1
4818,C,1,1
4819,A,3,5
4820,C,3,9
4821,A,2,12
4822,B,3,6
4823,C,1,13
4824,C,3,8
4825,A,3,15
4826,A,2,6
4827,C,3,6
4828,A,2,4
4829,B,2,11
4830,A,1,18
4831,B,1,3
4832,B,1,3
4833,B,1,12
4834,B,2,6
4835,B,3,6
4836,A,1,8
4837,B,1,15
4838,A,1,18
4839,B,3,20
4840,C,1,16
4841,B,3,6
4842,C,2,17
4843,B,2,9
4844,B,2,19
4845,B,3,18
4846,C,1,5
4847,C,1,6
4848,B,1,12
4849,A,1,11
4850,B,1,16
4851,C,3,20
4852,B,2,17
4853,C,1,20
4854,C,2,9
4855,C,3,1
4856,B,3,3
4857,C,1,9
4858,C,3,19
4859,B,2,13
4860,C,1,14
4861,B,1,20
4862,C,2,19
4863,A,1,7
4864,A,1,4
4865,C,2,12
4866,A,1,14
4867,B,1,2
4868,A,2,1
4869,C,3,18
4870,C,2,20
4871,B,1,8
4872,C,2,3
4873,B,1,6
4874,A,1,13
4875,A,2,9
4876,B,1,9
4877,B,3,20
4878,C,1,9
4879,A,2,15
4880,B,3,13
4881,A,3,16
4882,B,1,2
4883,A,2,14
4884,C,1,6
4885,A,1,2
4886,A,2,8
4887,A,2,4
4888,A,1,14
4889,A,3,11
4890,C,1,14
4891,B,3,12
4892,A,1,16
4893,C,2,6
4894,A,3,20
4895,A,2,1
4896,B,2,12
4897,A,2,7
4898,C,2,8
4899,C,2,9
4900,B,1,2
4901,A,3,17
4902,C,1,20
4903,A,1,13
4904,A,1,5
4905,A,2,10
4906,B,1,12
4907,A,3,17
4908,C,1,6
4909,A,2,3
4910,C,3,15
4911,A,3,7
4912,C,3,6
4913,C,3,4
4914,A,1,19
4915,A,2,5
4916,C,3,3
4917,B,3,9
4918,A,2,6
4919,B,1,13
4920,A,3,20
4921,A,1,4
4922,A,1,2
4923,A,1,4
4924,B,1,8
4925,A,3,13
4926,C,3,10
4927,C,1,18
4928,B,1,9
4929,A,2,1
4930,C,2,13
4931,B,2,18
4932,A,3,15
4933,C,2,2
4934,C,3,11
4935,B,3,14
4936,A,3,15
4937,A,3,14
4938,C,2,16
4939,C,1,15
4940,C,1,19
4941,A,1,9
4942,B,2,5
4943,B,1,5
4944,A,2,11
4945,B,2,20
4946,C,2,4
4947,B,1,20
4948,B,1,18
4949,B,1,3
4950,C,3,4
4951,A,2,14
4952,C,3,7
4953,A,2,8
4954,A,1,16
4955,A,2,20
4956,B,2,15
4957,B,3,7
4958,A,2,17
4959,A,1,12
4960,B,2,18
4961,C,2,14
4962,A,2,15
4963,C,3,15
4964,B,2,5
4965,A,2,16
4966,C,3,5
4967,C,3,2
4968,C,3,20
4969,B,3,9
4970,B,1,9
4971,C,1,4
4972,C,2,15
4973,B,1,11
4974,C,2,1
4975,C,1,18
4976,B,3,1
4977,C,3,8
4978,C,1,16
4979,C,1,18
4980,B,2,9
4981,C,2,12
4982,B,2,19
4983,B,3,18
4984,A,3,5
4985,A,3,2
4986,C,3,7
4987,B,2,10
4988,A,3,15
4989,C,3,7
4990,A,3,5
4991,A,3,15
4992,B,1,20
4993,B,2,20
4994,A,2,15
4995,A,3,10
4996,B,1,14
4997,C,2,10
4998,B,2,17
4999,A,3,14
